TERMO;DEFINIÇÃO;REFERENCIA
Abandono de Campo;Processo que compreende abandono de poços, desativação e alienação ou reversão de todas as instalações de produção. RESOLUÇÃO ANP Nº 27, DE 18/10/2006;glossario_anp
Abandono de Poço;"Série de operações destinadas a restaurar o isolamento entre os diferentes intervalos permeáveis podendo ser permanente, quando não houver interesse de retorno ao poço; ou temporário, quando por qualquer razão houver interesse de retorno ao poço. RESOLUÇÃO ANP Nº 27, DE 18/10/2006";glossario_anp
Abastecimento Nacional de Combustíveis;"Considerado de utilidade pública, abrange as seguintes atividades: I – produção, importação, exportação, refino, beneficiamento, tratamento, processamento, transporte, transferência, armazenagem, estocagem, distribuição, revenda, comercialização, avaliação de conformidade e certificação do petróleo, gás natural e seus derivados; II – produção, importação, exportação, armazenagem, estocagem, distribuição, revenda, comercialização, avaliação de conformidade e certificação do biodiesel; III – comercialização, distribuição, revenda e controle de qualidade de álcool etílico combustível.";glossario_anp
Acidente;Qualquer evento inesperado que cause danos ao meio ambiente ou à saúde humana, prejuízos materiais ao patrimônio próprio ou de terceiros, ocorrência de fatalidades ou ferimentos graves para o pessoal próprio ou para terceiros ou a interrupção das operações da Instalação por mais de 24 (vinte e quatro) horas. RESOLUÇÃO ANP Nº 43, DE 6/12/2007 (vide Regulamento Técnico do SGSO);glossario_anp
Adequação ao Uso;Condições necessárias para que uma Instalação (ou equipamento) seja projetada, mantida, inspecionada, testada e operada de maneira apropriada para o requerido uso, desempenho, disponibilidade e efetividade. RESOLUÇÃO ANP Nº 43, DE 6/12/2007 (vide Regulamento Técnico do SGSO);glossario_anp
Ver Álcool Etílico Hidratado Combustível;Agência Nacional do Petróleo, Gás Natural e Biocombustíveis (ANP) A Agência Nacional do Petróleo, Gás Natural e Biocombustíveis (ANP) foi criada pela Lei nº 9.478, de 6 de agosto de 1997. Autarquia especial vinculada ao Ministério de Minas e Energia, tem como atribuições promover a regulação, a contratação e a fiscalização das atividades econômicas integrantes da indústria do petróleo, do gás natural e dos biocombustíveis. LEI Nº 9.478, DE 6/8/1997, e LEI Nº 11.097, DE 13/1/2005;glossario_anp
Água de Injeção;Água injetada em reservatório, com o objetivo de forçar a saída do petróleo da rocha-reservatório, deslocando-o para um poço produtor. Este método é conhecido como “recuperação secundária”, e é empregado quando a pressão do poço torna-se insuficiente para expulsar naturalmente o petróleo.;glossario_anp
Aguarrás;Produto obtido pelo processo de destilação atmosférica de petróleo, com intervalo de temperatura típica (150ºC-210ºC), classificado numa faixa de destilação intermediária entre a nafta pesada e o querosene. Utilizado como solvente e na fabricação de ceras, graxas e tintas.;glossario_anp
Alienação de Bens;Ato de transferir a terceiros, por quaisquer meios, um bem de propriedade do concessionário que teve como propósito original a exploração de petróleo ou gás natural. RESOLUÇÃO ANP Nº 13, DE 23/2/2011;glossario_anp
Amostra Composta;Amostra representativa do produto, preparada segundo os percentuais nos quais o produto encontra-se distribuído nos tanques. PORTARIA ANP Nº 311, DE 27/12/2001;glossario_anp
Amostra Testemunha;Amostra representativa de um produto, isto é, que traz em si as mesmas características do produto de onde foi coletada. Normalmente coletada com o objetivo de servir como prova material em processos administrativos ou judiciais, podendo ser submetida à análise, para dirimir dúvidas quanto a sua natureza e origem. A amostra testemunha deve ser coletada na presença de prepostos das partes interessadas, identificada e acondicionada de acordo com a legislação ou regulamento que propõe sua coleta. Análise de Pontos de Ebulição Verdadeiros – PEV Técnica laboratorial especificada nas normas ASTM D2892 e ASTM D5236, que fornece as frações evaporadas de um dado tipo de petróleo em função da temperatura. PORTARIA ANP Nº 206, DE 29/8/2000;glossario_anp
Anexação de Áreas;Agregação de parcelas sob concessão, correspondentes a extensões de reservatórios, a áreas de avaliação ou a campos de produção, sendo todas as áreas envolvidas de um mesmo concessionário.;glossario_anp
ANP;Ver Agência Nacional do Petróleo, Gás Natural e Biocombustíveis.;glossario_anp
Aplicação do Gás Natural;Uso final que se dá ao gás natural para injeção em reservatórios, combustível, geração de energia elétrica, matéria-prima (petroquímica e fertilizante), redutor siderúrgico, como desaerador e para selagens. PORTARIA ANP Nº 249, DE 1/11/2000;glossario_anp
Apropriação de Reserva;Posicionamento de reserva de petróleo e gás natural em uma das seguintes categorias: “provadas”, “prováveis”, “possíveis” e “desenvolvidas” (de acordo com critérios estabelecidos pelo Regulamento Técnico nº 001/00, aprovada pela PORTARIA ANP Nº 9, DE 21/1/2000).;glossario_anp
Aqüífero;Intervalo permeável contendo água de qualquer natureza, passível de ser destinada ao uso público ou industrial, ou quando esta for responsável ou potencialmente responsável pelo mecanismo de produção de um reservatório ou jazida de petróleo e/ou gás natural. PORTARIA ANP Nº 25, DE 6/3/2002;glossario_anp
Aquisição de Dados;Operação destinada à coleta de dados, realizada por métodos, procedimentos e tecnologias próprias ou de terceiros. RESOLUÇÃO ANP Nº 11, de 17/2/2011;glossario_anp
Asfaltos;Material de cor escura e consistência sólida ou semi-sólida derivado do petróleo, composto de mistura de hidrocarbonetos pesados onde os constituintes predominantes são os betumes, incluindo os materiais betuminosos. RESOLUÇÃO ANP Nº 2, DE 14/1/2005;glossario_anp
ASTM;Sigla da American Society for Testing and Materials. PORTARIA ANP Nº 206, DE 29/8/2000;glossario_anp
Autorização;Ato administrativo unilateral e discricionário pelo qual a ANP, como órgão regulador da indústria do petróleo, do gás natural e dos biocombustíveis, possibilita a empresa constituída sob as leis brasileiras, com sede e administração no País, na forma estabelecida na Lei do Petróleo e sua regulamentação, o exercício das atividades econômicas integrantes da indústria do petróleo, do gás natural e dos biocombustíveis.;glossario_anp
Autorização de Operação para EBN;Autorização emitida pela Antaq, para uma EBN operar na navegação de longo curso, de cabotagem, de apoio marítimo, de apoio portuário ou na navegação interior, na forma da legislação aplicável. PORTARIA ANP Nº 170, DE 25/9/2002 Voltar para o alto da página – B – b/d;glossario_anp
Bacia Sedimentar;Depressão da crosta terrestre onde se acumulam rochas sedimentares que podem ser portadoras de petróleo ou gás, associados ou não.;glossario_anp
Bandeira;Marca comercial que indica a origem do combustível automotivo comercializado no posto revendedor varejista, isto é, identifica o distribuidor que fornece combustíveis líquidos derivados de petróleo, álcool combustível, biodiesel, mistura óleo diesel/biodiesel especificada ou autorizada pela ANP e outros combustíveis automotivos ao posto.;glossario_anp
Bandeira Branca;Posto revendedor varejista que opta por não exibir a marca comercial do distribuidor de combustíveis líquidos derivados de petróleo, álcool combustível, biodiesel, mistura óleo diesel/biodiesel especificada ou autorizada pela ANP e outros combustíveis automotivos, e que identifica de forma destacada e de fácil visualização, em cada bomba abastecedora, o distribuidor de combustíveis líquidos derivados de petróleo, álcool combustível, biodiesel, mistura óleo diesel/biodiesel especificada ou autorizada pela ANP, e outros combustíveis automotivos fornecedor do respectivo combustível. PORTARIA ANP Nº 116, DE 5/7/2000;glossario_anp
Barreira;Separação física apta a conter ou isolar os fluidos dos diferentes intervalos permeáveis, podendo ser líquida, sólida consolidada (tampões de cimento) ou sólida mecânica. PORTARIA ANP Nº 25, DE 6/3/2002;glossario_anp
Barris por Dia do Calendário;Número máximo de barris que podem ser processados durante um período de 24 horas, após descontados os períodos de paradas para manutenções e problemas mecânicos. A ANP considerou para o ano 2000 que a capacidade expressa em barris por dia do calendário é equivalente àquela calculada pela capacidade nominal corrigida por um fator de operação médio, baseado em 330 dias úteis.;glossario_anp
Base de Distribuição;Instalação apta a receber, armazenar e distribuir derivados de petróleo, álcool combustível, biodiesel, mistura óleo diesel/biodiesel especificada ou autorizada pela ANP, de refinarias, UPGNs e terminais de armazenamento, por transporte rodoviário, ferroviário, aquaviário ou dutoviário.;glossario_anp
Bens Revertidos;Bens que foram objeto de reversão e passaram à posse da União e à administração da ANP.;glossario_anp
Bens Reversíveis;Todos e quaisquer bens móveis e imóveis, principais e acessórios, de propriedade do concessionário, existentes em qualquer parcela da área da concessão, cujos custos de aquisição são dedutíveis de acordo com as regras aplicáveis para o cálculo da participação especial e que, a critério exclusivo da ANP, sejam necessários para permitir a continuidade das operações ou sejam passíveis de utilização de interesse público. RESOLUÇÃO ANP Nº 28, de 18/10/2006;glossario_anp
Bep;Sigla de “barril equivalente de petróleo”. Unidade de medida de energia equivalente ao volume de gás referente a 1 barril de petróleo.;glossario_anp
Biocombustível;Substância derivada de biomassa renovável, tal como biodiesel, etanol e outras substâncias estabelecidas em regulamento da ANP, que pode ser empregada diretamente ou mediante alterações em motores a combustão interna ou para outro tipo de geração de energia, podendo substituir parcial ou totalmente combustíveis de origem fóssil.                                                          LEI Nº 12.490, DE 16 DE SETEMBRO DE 2011. Biodiesel                                                                                                                                                                                                    Combustível composto de alquil ésteres de ácidos carboxílicos de cadeia longa, produzido a partir da transesterificação e ou/esterificação de matérias graxas, de gorduras de origem vegetal ou animal, e que atenda a especificação contida no Regulamento Técnico nº 4/2012 da Resolução ANP Nº 14,  de 11/5/2012. RESOLUÇÃO ANP Nº 14, DE 11.5.2012;glossario_anp
Bioquerosene de Aviação;Substância derivada de biomassa renovável que pode ser usada em turborreatores e turbopropulsores aeronáuticos ou, conforme regulamento, em outro tipo de aplicação que possa substituir parcial ou totalmente combustível de origem fóssil.   LEI Nº  12.490, DE 16 DE SETEMBRO DE 2011.;glossario_anp
Bloco;Parte de uma bacia sedimentar, formada por um prisma vertical de profundidade indeterminada, com superfície poligonal definida pelas coordenadas geográficas de seus vértices, onde são desenvolvidas atividades de exploração ou produção de petróleo e gás natural.;glossario_anp
Bônus de Assinatura;Montante ofertado pelo licitante vencedor na proposta para obtenção da concessão de petróleo ou gás natural, não podendo ser inferior ao valor mínimo fixado pela ANP no edital da licitação e devendo estar pago no ato da assinatura do contrato de concessão.;glossario_anp
Botijão Inutilizado;Botijão inutilizado pelo método de puncionamento, com amassamento e perfuração da lateral do botijão. PORTARIA ANP Nº 242, DE 18/10/2000;glossario_anp
Botijão Sucateado;Botijão inutilizado, baixado do ativo da empresa mediante comprovação de venda para processador de sucata. PORTARIA ANP Nº 242, DE 18/10/2000;glossario_anp
Brent Dated;Cotação publicada diariamente pela Platt’s Crude Oil Marketwire, que reflete o preço de cargas físicas do petróleo Brent embarcadas de 7 (sete) a 17 (dezessete) dias após a data da cotação, no terminal de Sullom Voe, na Grã-Bretanha. PORTARIA ANP Nº 206, DE 29/8/2000;glossario_anp
BSW;Sigla de Basic Sediments and Water. Porcentagem de água e sedimentos em relação ao volume total do fluido produzido.;glossario_anp
Btu;Sigla de British Thermal Unit. Unidade de medida de energia, corresponde à quantidade de calor necessária para elevar a temperatura de uma libra (0,454 kg) de água de 39,2º F para 40,2º F. Fator de conversão: 1 BTU = 1.055,056 J.;glossario_anp
Bioquerosene de Aviação;Substância derivada de biomassa renovável que pode ser usada em turborreatores e turbopropulsores aeronáuticos ou, conforme regulamento, em outro tipo de aplicação que possa substituir parcial ou totalmente combustível de origem fóssil.   LEI Nº  12.490, DE 16 DE SETEMBRO DE 2011.;glossario_anp
Bloco;Parte de uma bacia sedimentar, formada por um prisma vertical de profundidade indeterminada, com superfície poligonal definida pelas coordenadas geográficas de seus vértices, onde são desenvolvidas atividades de exploração ou produção de petróleo e gás natural. LEI Nº 9.478, DE 6/8/1997;glossario_anp
Bônus de Assinatura;Montante ofertado pelo licitante vencedor na proposta para obtenção da concessão de petróleo ou gás natural, não podendo ser inferior ao valor mínimo fixado pela ANP no edital da licitação e devendo estar pago no ato da assinatura do contrato de concessão.;glossario_anp
Botijão Inutilizado;Botijão inutilizado pelo método de puncionamento, com amassamento e perfuração da lateral do botijão. PORTARIA ANP Nº 242, DE 18/10/2000;glossario_anp
Botijão Sucateado;Botijão inutilizado, baixado do ativo da empresa mediante comprovação de venda para processador de sucata. PORTARIA ANP Nº 242, DE 18/10/2000;glossario_anp
Brent Dated;Cotação publicada diariamente pela Platt’s Crude Oil Marketwire, que reflete o preço de cargas físicas do petróleo Brent embarcadas de 7 (sete) a 17 (dezessete) dias após a data da cotação, no terminal de Sullom Voe, na Grã-Bretanha. PORTARIA ANP Nº 206, DE 29/8/2000;glossario_anp
BSW;Sigla de Basic Sediments and Water. Porcentagem de água e sedimentos em relação ao volume total do fluido produzido.;glossario_anp
Btu;Sigla de British Thermal Unit. Unidade de medida de energia, corresponde à quantidade de calor necessária para elevar a temperatura de uma libra (0,454 kg) de água de 39,2º F para 40,2º F. Fator de conversão: 1 BTU = 1.055,056 J.;glossario_anp
Bunker;Também conhecido como marine fuel, é um óleo combustível para navios em geral, podendo ser, em alguns casos, misturado ao óleo diesel em proporções variadas.;glossario_anp
Butano;Hidrocarboneto saturado com quatro átomos de carbono e dez átomos de hidrogênio (C4H10), encontrado no estado gasoso incolor. Compõe o GLP, sendo empregado como combustível doméstico, como iluminante, como fonte de calor industrial em caldeiras, fornalhas e secadores, para corte de metais e aerossóis. Voltar para o alto da página – C –;glossario_anp
Cadastro (Poço);Conjunto de algarismos agrupados de tal forma que permita a identificação unívoca de um poço. PORTARIA ANP Nº 75, DE 3/5/2000;glossario_anp
Calibração;Conjunto de operações que estabelece, sob condições especificadas, a relação entre os valores indicados por um instrumento de medição ou pelo próprio sistema de medição ou valores representados por uma medida materializada ou um material de referência, e os valores correspondentes das grandezas estabelecidos por padrões.;glossario_anp
Caloria;Utiliza-se a caloria a 15º C (cal15). 1 cal15 é a quantidade de energia térmica necessária para aquecer 1 g de água isenta de ar, de 14,5º C a 15,5º C, sob pressão constante de 101,325 kPa (quilopascals). Fator de conversão: 1 cal15 = 4,1855 J.;glossario_anp
Caminhão-tanque;Veículo rodoviário destinado ao transporte de combustíveis.;glossario_anp
Caminhão-tanque Abastecedor (CTA);Veículo autopropelido constituído de tanque, carretel de mangueira, sistemas de bombeamento, filtragem, medição e controles, destinado a transportar combustível do parque de abastecimento de aeronaves (PAA) até a aeronave e efetuar o seu abastecimento. RESOLUÇÃO ANP Nº 17, DE 26/7/2006;glossario_anp
Campo;Ver Campo de Petróleo ou de Gás Natural;glossario_anp
Campo de Petróleo;Ver Campo de Petróleo ou de Gás Natural Campo de Petróleo ou de Gás Natural Área produtora de petróleo ou gás natural, a partir de um reservatório contínuo ou de mais de um reservatório, a profundidades variáveis, abrangendo instalações e equipamentos destinados à produção.;glossario_anp
Capacidade Contratada de Entrega;Capacidade diária de retirada de gás natural em determinado ponto de entrega a qual o transportador se obriga a disponibilizar para o carregador, conforme o respectivo contrato de transporte. RESOLUÇÃO ANP Nº 27, DE 14/10/2005;glossario_anp
Capacidade Contratada de Transporte;Capacidade diária de transporte a qual o transportador se obriga a disponibilizar para o serviço de transporte firme, conforme o respectivo contrato de transporte. RESOLUÇÃO ANP Nº 27, DE 14/10/2005;glossario_anp
Capacidade Disponível de Transporte;Diferença entre a capacidade máxima de transporte e a soma das capacidades contratadas de transporte para serviço de transporte firme. RESOLUÇÃO ANP Nº 27, DE 14/10/2005;glossario_anp
Capacidade Disponível Operacional;Diferença entre a capacidade operacional e a soma da preferência do proprietário com o somatório das capacidades contratadas sob a forma de transporte firme fora da referida preferência em uma instalação de transporte. PORTARIA ANP Nº 115, DE 5/7/2000;glossario_anp
Capacidade Máxima de Transporte;Máximo volume diário de gás natural que o transportador pode movimentar em sua instalação de transporte, considerando as pressões dos pontos de recepção e entrega, dentro das faixas de variação estabelecidas em contrato. RESOLUÇÃO ANP Nº 27, DE 14/10/2005;glossario_anp
Capacidade Não Utilizada de Transporte;Diferença entre a capacidade máxima de transporte e o volume diário de gás natural programado para o serviço de transporte firme. RESOLUÇÃO ANP Nº 27, DE 14/10/2005;glossario_anp
Capacidade Nominal;Capacidade de processamento para a qual uma planta industrial é projetada.;glossario_anp
Capacidade Ociosa de Transporte;Diferença entre a soma das capacidades contratadas de transporte para serviço de transporte firme e o volume diário de gás natural programado para o serviço de transporte firme. RESOLUÇÃO ANP Nº 27, DE 14/10/2005;glossario_anp
Carregador;Pessoa jurídica que: (i) contrata quantidade de gás natural do produtor, (ii) contrata serviço de processamento de gás natural do processador e (iii) contrata serviço de transporte de gás natural do transportador, com a finalidade de efetuar a venda de gás natural às companhias distribuidoras locais.;glossario_anp
Carregador Proprietário;Pessoa jurídica que é, simultaneamente, titular do terminal privativo de uso misto, usuária do serviço prestado pelo operador e proprietária dos produtos movimentados. PORTARIA ANP Nº 10, DE 30/1/2002;glossario_anp
Cascalho Contaminado;Cascalho oriundo de perfuração que contenha substâncias químicas em concentração acima do limite aceitável segundo a legislação em vigor. RESOLUÇÃO ANP Nº 13, DE 23/2/2011;glossario_anp
Categoria (Poço);Parte do nome do poço que o define segundo sua finalidade. PORTARIA ANP Nº 283, DE 14/11/2001;glossario_anp
Central de Distribuição de GNL;Área devidamente delimitada que contém os recipientes destinados ao recebimento, armazenamento e transvasamento de GNL, construída e operada de acordo com as normas internacionalmente adotadas. PORTARIA ANP Nº 118, DE 11/7/2000;glossario_anp
Central de GLP;Área delimitada que contém os recipientes transportáveis ou estacionários e acessórios, destinados ao armazenamento de GLP para consumo próprio. RESOLUÇÃO ANP Nº 15, DE 18/5/2005;glossario_anp
Central de Matéria-Prima Petroquímica (CPQ);Unidade de processamento de condensado, gás natural, nafta petroquímica e outros insumos, que possui em suas instalações unidade de craqueamento térmico com uso de vapor de água ou unidade de reforma catalítica para produzir, prioritariamente, matérias-primas para a indústria química, tais como: eteno, propeno, butenos, butadieno e suas misturas, benzeno, tolueno, xilenos e suas misturas. PORTARIA ANP Nº 84, DE 24/5/2001;glossario_anp
Certificado de Verificação;Documento certificando que a verificação de um instrumento de medição foi realizada com resultado satisfatório. Em se tratando de arqueação de tanques, o documento é chamado “Certificado de Arqueação”.;glossario_anp
Cessão de Direitos;Venda, cessão, transferência ou qualquer outra forma de alienação por quaisquer meios de todos ou qualquer parte dos direitos e obrigações do concessionário sob o contrato de concessão.;glossario_anp
Cide;Contribuição de Intervenção no Domínio Econômico é um tributo previsto constitucionalmente, de competência exclusiva da União. Por meio da Lei nº 10.336, de 19 de dezembro de 2001, instituiu-se a Contribuição Social de Intervenção no Domínio Econômico incidente sobre a importação e a comercialização de petróleo e seus derivados, gás natural e seus derivados e álcool etílico combustível – Cide.;glossario_anp
CIF;Sigla da expressão inglesa Cost, Insurance and Freight (“Custo, Seguro e Frete”), designa o sistema de pagamento para mercadorias embarcadas, com os custos do seguro e do frete incluídos no preço. O preço CIF equivale ao preço FOB acrescido das parcelas de seguro e frete.;glossario_anp
CO2 (Gás Carbônico);Dióxido de carbono, composto por um átomo de carbono e dois átomos de oxigênio. Recuperado do gás de síntese na produção de amônia, de gases de chaminé (produto de combustão), e como subproduto do craqueamento de hidrocarbonetos e da fermentação de carboidratos. Usado principalmente na fabricação de gelo seco e de bebidas carbonatadas, como extintor de incêncio, na produção de atmosfera inerte e como desemulsificante na recuperação terciária de petróleo.;glossario_anp
Codificação de Poços;Processo de dotar o poço de um nome e de um cadastro. PORTARIA ANP Nº 75, DE 3/5/2000 Ver também Nome (Poço) e Cadastro (Poço);glossario_anp
Combustíveis de Aviação;Querosene de aviação (QAV-1 ou JET A-1), gasolina de aviação (GAV ou AVGAS) e  etanol hidratado combustível (EHC) em conformidade com as especificações estabelecidas pela ANP. RESOLUÇÃO ANP Nº 17, DE 26/7/2006;glossario_anp
Combustível;Produto utilizado com a finalidade de produzir energia diretamente a partir de sua queima ou pela sua transformação em outros produtos também combustíveis. São exemplos de combustíveis: gás natural, gás liquefeito de petróleo (GLP), gasolina, óleo diesel, querosene de aviação, óleo combustível, etanol combustível, biodiesel e suas misturas com óleo diesel.;glossario_anp
Comercialização do Gás Natural;Ato ligado à transferência de titularidade de um volume de gás natural para uma determinada utilização ou aplicação. PORTARIA ANP Nº 249, DE 1/11/2000;glossario_anp
Compromisso Contingente;Atividade prevista no plano de avaliação cuja realização dependerá do resultado obtido com a realização dos compromissos firmes.;glossario_anp
Compromisso Firme;Atividade prevista no plano de avaliação cuja realização é certa e obrigatória para atingir os objetivos do plano.;glossario_anp
Concessão;Contrato administrativo mediante o qual a ANP outorga a empresas que atendam aos requisitos técnicos, econômicos, jurídicos e fiscais por ela estabelecidos, o exercício das atividades de exploração e produção de petróleo e gás natural no território nacional.;glossario_anp
Concessionária Estadual de Gás Canalizado;Pessoa jurídica autorizada a exercer os serviços locais de comercialização de gás canalizado junto aos usuários finais, explorados com exclusividade pelos Estados, diretamente ou mediante concessão, nos termos do § 2º do Art. 25 da Constituição Federal. PORTARIA ANP Nº 32, DE 6/3/2001;glossario_anp
Concessionário;Empresa constituída sob as leis brasileiras, com sede e administração no Brasil, com a qual a ANP celebra contrato de concessão para exploração e produção de petróleo ou gás natural em bacia sedimentar localizada no território nacional. RESOLUÇÃO ANP Nº 34, DE 24/11/2005 Concurso Público de Alocação de Capacidade (CPAC) Procedimento público de oferta e alocação de capacidade de transporte para serviço de transporte firme. RESOLUÇÃO ANP Nº 27, DE 14/10/2005;glossario_anp
Condensado;Líquido de gás natural obtido no processo de separação normal de campo, que é mantido na fase líquida nas condições de pressão e temperatura de separação. PORTARIA ANP Nº 9, DE 21/1/2000;glossario_anp
Condensado Estabilizado;Condensado que permanece na fase líquida nas condições atmosféricas. PORTARIA ANP Nº 9, DE 21/1/2000;glossario_anp
Condição de Medição;Condição do fluido na qual o volume está para ser mensurado, num ponto de medição.;glossario_anp
Condição de Referência;Condições de uso prescritas para ensaio de desempenho de um instrumento de medição ou para intercomparação de resultados de medições.;glossario_anp
Condição de Utilização;Condições de uso para as quais as características metrológicas especificadas de um instrumento de medição mantêm-se dentro de limites especificados.;glossario_anp
Condição Usual de Operação;Condições de temperatura, pressão e propriedades (massa específica e/ou densidade e viscosidade) médias do fluido medido, avaliadas no período desde a última calibração do sistema de medição ou o último teste do poço até a data de avaliação.;glossario_anp
Condições de Base;Condições especificadas de temperatura (20ºC) e pressão (0,101325 MPa) para as quais o volume mensurado do líquido ou do gás é convertido.;glossario_anp
Condições Econômicas (Refinarias);Ver também Margem Bruta de Refino (MBR). Condições Gerais de Serviço do Terminal (CGST) Conjunto de informações, regras e regulamentos para a prestação de serviços de movimentação de produtos pelo terminal, dentro das melhores técnicas de engenharia, de segurança e de proteção ao meio ambiente, respeitados os preceitos da Lei Nº 8.630, de 25 de fevereiro de 1993, com observância das determinações da autoridade portuária e dos requisitos mínimos indicados no anexo desta Portaria. PORTARIA ANP Nº 10, DE 30/1/2002;glossario_anp
Consumo Próprio;Parcela de derivados de petróleo, gás seco e gás úmido, consumidos pela própria unidade.;glossario_anp
Controle Metrológico Legal;Conjunto de atividades de metrologia legal visando a garantia metrológica, que compreende o controle legal dos instrumentos de medição, a supervisão metrológica e a perícia metrológica.;glossario_anp
Coque de Petróleo;Produto sólido, negro e brilhante, resultante do processo de craqueamento de resíduos pesados (coqueamento), essencialmente constituído de carbono (90 a 95%) e que queima sem deixar cinzas. Utilizado na fabricação de coque calcinado, pela indústria do alumínio e na fabricação de eletrodos, na produção de coque siderúrgico, em mistura com carvão mineral, na fabricação de carboneto de cálcio e carboneto de silício, em metalurgia como redutor.;glossario_anp
Correntes Intermediárias;Correntes geradas em unidades de processo de uma refinaria de petróleo, que são processadas/tratadas em outras unidades de processo de uma refinaria de petróleo.;glossario_anp
Craqueamento;Processo de refino de hidrocarbonetos, que consiste em quebrar as moléculas maiores e mais complexas em moléculas mais simples e leves, com o objetivo de aumentar a proporção dos produtos mais leves e voláteis. Há dois tipos de craqueamento: térmico, feito pela aplicação de calor e pressão, e catalítico, que utiliza catalisadoras para permitir, à igual temperatura, a transformação mais profunda e bem dirigida de frações que podem ser mais pesadas. Voltar para o alto da página – D –;glossario_anp
Dados;Quaisquer registros qualitativos ou quantitativos, obtidos por meio de observação ou medição de propriedades, de amostras, poços, áreas ou seções em superfície ou sub-superfície das bacias sedimentares ou de seu embasamento. RESOLUÇÃO ANP Nº 11, de 17/2/2011 Dados de Fomento (Exploração e Produção) Dados adquiridos pela ANP, por meio de empresa contratada ou instituição conveniada para esse fim, e também aqueles adquiridos por instituição acadêmica. RESOLUÇÃO ANP Nº 11, de 17/2/2011;glossario_anp
Dados de Poços;Quaisquer registros de dado geológico e/ou geofísico adquiridos em um poço, tais como, mas não limitado a estes: perfilagens geológicas e/ou geofísicas, amostras de calhas, testemunhos de rochas ou fluído, perfis sísmicos verticais. RESOLUÇÃO ANP Nº 11, de 17/2/2011;glossario_anp
Dados Exclusivos (Exploração e Produção);Dados adquiridos por Concessionário nos limites de sua área de concessão, sejam por meio de EAD por ele contratada ou por meios próprios. RESOLUÇÃO ANP Nº 11, de 17/2/2011;glossario_anp
Dados Geofísicos Não-Sísmicos;Dados obtidos com a utilização de métodos geofísicos distintos da refração e reflexão das ondas sísmicas, tais como, mas não limitado a estes: métodos gravimétricos, magnetométricos, eletromagnéticos. RESOLUÇÃO ANP Nº 11, de 17/2/2011;glossario_anp
Dados Geofísicos Sísmicos;Dados obtidos com a utilização de métodos geofísicos de reflexão de ondas sísmicas e/ou refração de ondas sísmicas. RESOLUÇÃO ANP Nº 11, de 17/2/2011;glossario_anp
Dados Mistos (Exploração e Produção);Dados resultantes do reprocessamento conjunto de dados exclusivos e dados públicos ou de dados exclusivos e dados não-exclusivos ou dados não-exclusivos e dados públicos. RESOLUÇÃO ANP Nº 11, de 17/2/2011;glossario_anp
Dados Não-Exclusivos (Exploração);Dados adquiridos por EAD em área que seja ou não objeto de contrato de concessão, mediante autorização da ANP. RESOLUÇÃO ANP Nº 11, de 17/2/2011;glossario_anp
Dados Públicos;Dados aos quais a ANP dará acesso a qualquer pessoa física ou jurídica interessada, nos termos da regulamentação vigente. RESOLUÇÃO ANP Nº 11, de 17/2/2011;glossario_anp
Data da Devolução;Data de assinatura de termo de resilição contratual oficializando a devolução da área de concessão. RESOLUÇÃO ANP Nº 28, DE 18/10/2006;glossario_anp
Data de Conclusão da Reentrada;Data em que a sonda de intervenção é desmobilizada.;glossario_anp
Data de Conclusão do Poço;Data em que primeiro ocorrer uma das seguintes operações: a desmobilização da sonda, o final do abandono ou da equipagem do poço. Ver também Data de Término do Poço;glossario_anp
Data de Devolução de Área;Data de aceitação, pela ANP, do Relatório de Devolução de Áreas na fase de exploração ou data de assinatura do termo de resilição contratual oficializando a devolução da área de concessão na fase de produção.;glossario_anp
Data de Início da Produção;Data em que ocorrer a primeira medição, em cada campo, de volumes de petróleo ou gás natural em um dos respectivos pontos de medição da produção, e a partir da qual o concessionário assumirá a propriedade do volume de produção fiscalizada, sujeitando-se ao pagamento dos tributos incidentes e das participações legais e contratuais correspondentes.;glossario_anp
Data de Término do Poço;Data em que ocorreu o último avanço da perfuração do poço. Ver também Data de Conclusão do Poço;glossario_anp
Declaração de Comercialidade;Notificação escrita do concessionário à ANP declarando uma jazida como descoberta comercial na área de concessão. PORTARIA ANP Nº 90, DE 31/5/2000;glossario_anp
Declaração de Conformidade;Documento definido nas Normas da Autoridade Marítima (Normam) emitido pela Diretoria de Portos e Costas da Marinha do Brasil – DPC, atestando a conformidade da embarcação com os requisitos estabelecidos nas normas em vigor aplicáveis ao transporte aquaviário de produtos. PORTARIA ANP Nº 170, DE 25/9/2002;glossario_anp
Derivados Básicos;"Hidrocarbonetos obtidos através do refino do petróleo de poço ou de xisto, bem como as frações recuperáveis do gás natural, relacionadas a seguir: gás liqüefeito de petróleo; gasolinas; naftas; querosenes; óleo diesel; gasóleos e óleos combustíveis.";glossario_anp
Derivados de Petróleo;Produtos decorrentes da transformação do petróleo.;glossario_anp
Derivados Energéticos de Petróleo;Derivados de petróleo utilizados predominantemente como combustíveis, isto é, com a finalidade de liberar energia, luz ou ambos a partir de sua queima. Esta denominação abrange os seguintes derivados: GLP, gasolina A, gasolina de aviação, querosene iluminante, QAV, óleo diesel e óleo combustível.;glossario_anp
Derivados Não-Energéticos de Petróleo;Derivados de petróleo que, embora tenham significativo conteúdo energético, são utilizados para fins não-energéticos. Esta denominação abrange os seguintes derivados: graxas, lubrificantes, parafinas, asfaltos, solventes, coque, nafta, extrato aromático, gasóleo de vácuo, óleo leve de reciclo, RAT, diluentes, n-parafinas, outros óleos de petróleo, minerais betuminosos, bem como outros produtos de menor importância. Desativação de Instalações (Exploração e Produção) Conjunto de operações para tirar de serviço ou de atividade, reverter, alienar ou remover, por conta e risco do concessionário, quaisquer instalações construídas em uma área de concessão, que tiveram como propósito original servir à exploração de petróleo ou gás natural, bem como de recuperar, inclusive ambientalmente, as áreas ocupadas por estas instalações. RESOLUÇÃO ANP Nº 13, DE 23/2/2011;glossario_anp
Descoberta Comercial;Descoberta de petróleo ou gás natural em condições que, a preços de mercado, tornem possível o retorno dos investimentos no desenvolvimento e na produção.;glossario_anp
Desenvolvimento;Conjunto de operações e investimentos destinados a viabilizar as atividades de produção de um campo de petróleo ou gás.;glossario_anp
Desenvolvimento Complementar;Conjunto de operações e investimentos destinados a viabilizar as atividades de produção de um campo de petróleo ou gás, cuja concepção foi posterior ao desenvolvimento original do campo e execução durante a fase de produção. PORTARIA ANP Nº 90, DE 31/5/2000;glossario_anp
Desenvolvimento Modular;Conjunto de operações e investimentos destinados a viabilizar as atividades de produção de um campo de petróleo ou gás, cujo desenvolvimento foi concebido em módulos individualizados, com produção independente e seqüencialmente instalados. PORTARIA ANP Nº 90, DE 31/5/2000;glossario_anp
Devolução de Área;Ato de devolver à ANP parte ou a totalidade de uma área de concessão para exploração e produção de petróleo ou gás natural. RESOLUÇÃO ANP Nº 13, DE 23/2/2011;glossario_anp
Dew Point Plant;Unidade de ajuste do ponto de orvalho do gás natural.;glossario_anp
Diluente;Correntes intermediárias geradas em unidades de processo de uma refinaria de petróleo, que são utilizadas para reduzir a viscosidade de óleos combustíveis.;glossario_anp
Dispositivo Adicional;Parte de um dispositivo que não seja considerado auxiliar, necessário para assegurar o nível exigido de exatidão da medição ou facilitar operações de medições, ou que possa, de certa forma, afetar a medição.;glossario_anp
Dispositivo Auxiliar;Dispositivo destinado a realizar uma função específica, diretamente envolvido na elaboração, transmissão ou apresentação dos resultados mensurados.;glossario_anp
Dispositivo Calculador;Parte do medidor que recebe os sinais do transdutor de medição e, possivelmente, de instrumentos de medição associados, computa esses sinais e, se apropriado, armazena os resultados na memória até serem utilizados. Além disso, o dispositivo calculador pode ser capaz de comunicação bidirecional com equipamentos periféricos.;glossario_anp
Dispositivo de Conversão;Dispositivo que converte automaticamente o volume mensurado nas condições de medição em um volume nas condições de base, ou em uma massa, levando em conta as características do fluido (temperatura, pressão, densidade, densidade relativa etc.) mensurado usando-se instrumentos de medição associados, ou armazenando-se na memória.;glossario_anp
Dispositivo Indicador;Parte de um medidor que apresenta continuamente os resultados de uma medição.;glossario_anp
Dispositivo Registrador;Parte de um medidor que fornece o registro de uma indicação.;glossario_anp
Distribuição;Atividade de comercialização por atacado com a rede varejista ou com grandes consumidores de combustíveis, lubrificantes, asfaltos e gás liquefeito envasado, exercida por empresas especializadas, na forma das leis e regulamentos aplicáveis.;glossario_anp
Distribuição de Gás Canalizado;Serviços locais de comercialização de gás canalizado, junto aos usuários finais, explorados com exclusividade pelos Estados, diretamente ou mediante concessão, nos termos do § 2º do Art. 25 da Constituição Federal.;glossario_anp
Distribuição de GNL a Granel;Compreende as atividades de aquisição ou recepção, armazenamento, transvasamento, controle de qualidade, e comercialização do GNL, através de transporte próprio ou contratado, podendo também exercer a atividade de liqüefação de gás natural, que serão realizadas por pessoas jurídicas constituídas sob as leis brasileiras, com sede e administração no País.;glossario_anp
Distribuidor;Pessoa jurídica autorizada para o exercício da atividade de distribuição de combustíveis líquidos derivados de petróleo, álcool combustível, biodiesel, mistura óleo diesel/biodiesel especificada ou autorizada pela ANP e outros combustíveis automotivos, bem como para a de distribuição de combustíveis de aviação. RESOLUÇÃO ANP Nº 12, DE 21/3/2007;glossario_anp
Distribuidor de Combustíveis Automotivos;Empresa autorizada pela ANP ao exercício da atividade de distribuição de combustíveis líquidos derivados de petróleo, álcool combustível, biodiesel, mistura óleo diesel/biodiesel especificada ou autorizada pela ANP e outros combustíveis automotivos. RESOLUÇÃO ANP Nº 8, DE 6/3/2007;glossario_anp
Distribuidor de Combustíveis de Aviação;Pessoa jurídica autorizada pela ANP a exercer a atividade de distribuição de combustíveis de aviação. RESOLUÇÃO ANP Nº 18, DE 26/07/2006;glossario_anp
Distribuidor de Combustíveis Líquidos;Pessoa jurídica autorizada pela ANP para o exercício da atividade de distribuição de combustíveis líquidos derivados de petróleo, álcool combustível, biodiesel, mistura óleo diesel/biodiesel especificada ou autorizada pela ANP e outros combustíveis automotivos. RESOLUÇÃO ANP Nº 7, DE 19/3/2008;glossario_anp
Distribuidora;Agente cuja atividade caracteriza-se pela aquisição de produtos a granel e sua revenda a granel (por atacado) para a rede varejista ou grandes consumidores.;glossario_anp
Duto;Conduto fechado destinado ao transporte ou transferência de petróleo, seus derivados ou gás natural. PORTARIA ANP Nº 125, DE 5/8/2002 Voltar para o alto da página – E –;glossario_anp
EAD;Ver Empresa de Aquisição de Dados;glossario_anp
Empresa Brasileira de Navegação (EBN);Pessoa jurídica constituída segundo as leis brasileiras, com sede no país, que tenha por objeto o transporte aquaviário e esteja autorizada a operar pela Agência Nacional de Transporte Aquaviário – Antaq. PORTARIA ANP Nº 170, DE 25/9/2002 Empresa de Aquisição de Dados (EAD) Empresa especializada em aquisição, processamento, interpretação e venda de dados, que se refiram exclusivamente à atividade de exploração e produção de petróleo e gás natural. RESOLUÇÃO ANP Nº 11, de 17/2/2011 Empresa Titular dos Direitos de Acesso aos Dados Empresa que durante o período de confidencialidade exerce direitos de acesso sobre dados. RESOLUÇÃO ANP Nº 11, de 17/2/2011;glossario_anp
Estocagem de Gás Natural;Armazenamento de gás natural em reservatórios próprios, formações naturais ou artificiais.;glossario_anp
Estoque de Gás Natural;Volume In-situ proveniente da injeção de gás natural, numa determinada data. PORTARIA ANP No 9, DE 21/1/2000;glossario_anp
Etanol;Biocombustível líquido derivado de biomassa renovável, que tem como principal componente o álcool etílico, que pode ser utilizado, diretamente ou mediante alterações, em motores a combustão interna com ignição por centelha, em outras formas de geração de energia ou em indústria petroquímica, podendo ser obtido por rotas tecnológicas distintas, conforme especificado em regulamento.                                                                                                                                                                          LEI Nº 12.490, DE 16 DE SETEMBRO DE 2011.;glossario_anp
Etanol Anidro Combustível (EAC);Álcool etílico anidro combustível ou etanol anidro combustível destinado ao distribuidor para compor mistura com a gasolina A na formulação da gasolina C, em proporção definida por legislação aplicável, devendo ser comercializado conforme especificação da ANP.;glossario_anp
Etanol Combustível;Combustível destinado ao uso em motores ciclo Otto e que possui como principal componente o etanol, especificado sob as formas de álcool etílico anidro combustível ou etanol anidro combustível e de álcool etílico hidratado combustível ou etanol hidratado combustível, produzido e/ou comercializado por fornecedor de etanol cadastrado, conforme regulamentação da ANP, ou importador.;glossario_anp
Etanol Hidratado Combustível (EHC);Álcool etílico hidratado combustível ou etanol hidratado combustível destinado à venda no posto revendedor para o consumidor final, conforme especificação da ANP.;glossario_anp
Etapa da Fase de Produção;Estágio em que se encontra um campo, ou seja, em desenvolvimento, em produção ou em abandono. PORTARIA ANP No 123, DE 18/7/2000;glossario_anp
Etapa de Produção;Período iniciado na data de entrega da declaração de comercialidade de uma descoberta e finalizado com (i) a conclusão das atividades compreendidas no desenvolvimento, conforme descrito no plano de desenvovimento ou no plano de reabilitação de jazida ou (ii) o abandono do desenvolvimento.;glossario_anp
Éter Metil-Terc-Butílico;Composto químico de fórmula molecular C5H12O, obtido através de reação química entre o metanol, derivado do gás natural, e o isobutileno, derivado do óleo cru ou natural gás. É um líquido volátil, inflamável e sem cor, altamente solúvel em água. Possui odor desagradável. É utilizado como aditivo da gasolina, atuando como oxigenante para aumentar a octanagem da gasolina. Conhecido pela sigla em inglês MTBE (Methyl tertiary-butyl ether).;glossario_anp
Extrato Aromático;Produto resultante da extração de aromáticos com solventes em plantas de óleos lubrificantes, que tem aplicações na fabricação de borrachas. Voltar para o alto da página – F –;glossario_anp
Faixa de Domínio de Dutos;Faixa de largura determinada, na qual estão dutos de petróleo, seus derivados ou gás natural, enterrados ou aéreos, bem como seus sistemas complementares, definida em decreto de declaração de utilidade pública. PORTARIA ANP Nº 125, DE 5/8/2002;glossario_anp
Falha de Sistema;Acontecimento no qual o desempenho do sistema de medição não atende aos requisitos do regulamento técnico de medição ou das normas aplicáveis.;glossario_anp
Falha Presumida;Situação na qual existem indícios de falha tais como regulagens e ajustes não autorizados ou variação dos volumes medidos que não corresponda a variações nas condições de operação das instalações de petróleo e gás natural.;glossario_anp
Fase de Exploração;Período de tempo definido para a exploração. PORTARIA ANP Nº 123, DE 18/7/2000;glossario_anp
Fase de Produção;Período de tempo definido para produção. PORTARIA ANP Nº 123, DE 18/7/2000;glossario_anp
Fator de Calibração do Medidor;Quociente entre o volume bruto medido, utilizando um medidor padrão de trabalho ou medida materializada de volume, e o volume registrado por um medidor durante um teste de calibração do medidor em operação.;glossario_anp
Fator de Recuperação Atual;Razão entre a produção acumulada de petróleo ou gás natural de um determinado reservatório e o seu volume in situ original. PORTARIA ANP Nº 9, DE 21/1/2000;glossario_anp
Fator de Recuperação Final;Razão entre os recursos originais de petróleo ou gás natural de um determinado reservatório e o seu volume in situ original. PORTARIA ANP Nº 9, DE 21/1/2000;glossario_anp
Fator do Medidor;Quociente entre o volume bruto medido, utilizando um medidor padrão de trabalho ou medida materializada de volume, e o volume registrado por um medidor durante um teste de calibração do medidor em operação.;glossario_anp
Flare;Equipamento utilizado para a queima de gases residuais. É utilizado na operação normal da unidade industrial e é dimensionado para queimar todo o gás gerado na pior situação de emergência.;glossario_anp
FOB;Sigla da expressão inglesa Free on Board (“Livre a Bordo”), denomina a cláusula de contrato segundo a qual o frete e o seguro não estão incluídos no custo da mercadoria. Valor FOB é o preço de venda da mercadoria acrescido de todas as despesas que o exportador fez até colocá-la a bordo, incluindo as taxas portuárias, de previdência, da Comissão de Marinha Mercante e outras que incidem sobre o valor do frete. Formulação de Combustível Líquido Derivado de Petróleo Produção de combustível líquido exclusivamente por mistura mecânica de correntes de hidrocarbonetos líquidos.;glossario_anp
Fuel Oil 1%;Classificação de óleos combustíveis com teor máximo de enxofre de 1% (um por cento), viscosidade cinemática de 380(10-6 m2/s (trezentos e oitenta milionésimos de metro quadrado por segundo) a 50 ºC (cinqüenta graus Celsius) e densidade entre 965 (novecentos e sessenta e cinco) e 990 kg/m3 (novecentos e noventa quilogramas por metro cúbico). PORTARIA ANP Nº 206, DE 29/8/2000;glossario_anp
Fuel Oil 3.5%;Classificação de óleos combustíveis com teor máximo de enxofre de 3,5% (três vírgula cinco por cento), concentração máxima de vanádio de 300 ppm (trezentas partes por milhão), viscosidade cinemática de 380 (10-6 m2/s (trezentos e oitenta milionésimos de metro quadrado por segundo) a 420 (10-6 m2/s (quatrocentos e vinte milionésimos de metro quadrado por segundo) a 50 ºC (cinqüenta graus Celsius) e densidade de 965 (novecentos e sessenta e cinco) a 990 kg/m3 (novecentos e noventa quilogramas por metro cúbico). PORTARIA ANP Nº 206, DE 29/8/2000 Voltar para o alto da página – G –;glossario_anp
Gabinete;Módulo compacto de abastecimento de aeronaves composto de equipamentos de filtragem, medição, carretel de mangueira e bico de abastecimento, interligados através de tubulação ao sistema de bombas do PAA. RESOLUÇÃO ANP Nº 18, DE 26/7/2006;glossario_anp
Gás Associado ao Petróleo;Gás natural produzido de jazida onde ele é encontrado dissolvido no petróleo ou em contato com petróleo subjacente saturado de gás. PORTARIA ANP Nº 9, DE 21/1/2000;glossario_anp
Gás de Refinaria;Mistura contendo principalmente hidrocarbonetos gasosos (além de, em muitos casos, alguns compostos sulfurosos) produzida nas unidades de processo de refino de petróleo. Os componentes mais comuns são hidrogênio, metano, etano, propano, butanos, pentanos, etileno, propileno, butenos, pentenos e pequenas quantidades de outros componentes, como o butadieno. É utilizado principalmente como fonte de energia na própria refinaria.;glossario_anp
Gás de Xisto;Gás obtido da retortagem do xisto, após a separação do gás liqüefeito de xisto.;glossario_anp
Gás em Solução;Todo gás natural que se encontra em solução no petróleo nas condições originais de pressão e temperatura do reservatório. PORTARIA ANP Nº 9, DE 21/1/2000;glossario_anp
Gás Liquefeito do Petróleo (GLP);Mistura de hidrocarbonetos com alta pressão de vapor, obtida do gás natural em unidades de processo especiais, que é mantida na fase líquida em condições especiais de armazenamento na superfície. PORTARIA ANP Nº 9, DE 21/1/2000;glossario_anp
Gás Livre;Todo gás natural que se encontra na fase gasosa nas condições originais de pressão e temperatura do reservatório. PORTARIA ANP Nº 9, DE 21/1/2000;glossario_anp
Gás Não Associado ao Petróleo;Gás natural produzido de jazida de gás seco ou de jazida de gás e condensado (gás úmido) . PORTARIA ANP Nº 9, DE 21/1/2000;glossario_anp
Gás Natural Comprimido (GNC);Gás Natural processado e condicionado para o transporte em reservatórios, à temperatura ambiente e pressão próxima à condição de mínimo fator de compressibilidade, para fins de distribuição deste produto. RESOLUÇÃO ANP Nº 41, DE 5/12/2007;glossario_anp
Gás Natural Liquefeito (GNL);Fluido no estado líquido em condições criogênicas, composto predominantemente de metano e que pode conter quantidades mínimas de etano, propano, nitrogênio ou outros componentes normalmente encontrados no gás natural.;glossario_anp
Gás Natural Não-Associado;Gás natural produzido de jazida de gás seco ou de jazida de gás e condensado.;glossario_anp
Gás Natural ou Gás;Todo hidrocarboneto que permaneça em estado gasoso nas condições atmosféricas normais, extraído diretamente a partir de reservatórios petrolíferos ou gasíferos, incluindo gases úmidos, secos, residuais e gases raros.;glossario_anp
Gás Natural Veicular (GNV);Mistura combustível gasosa, tipicamente proveniente do GN e biogás, destinada ao uso veicular e cujo componente principal é o metano, observadas as especificações estabelecidas pela ANP. PORTARIA ANP Nº 32, DE 6/3/2001;glossario_anp
Gás Reinjetado;Gás não-comercializado, que é retornado ao reservatório de origem, com o objetivo de forçar a saída do petróleo da rocha-reservatório, deslocando-o para um poço produtor. Este método é conhecido como “recuperação secundária”, e é empregado quando a pressão do poço torna-se insuficiente para expulsar naturalmente o petróleo.;glossario_anp
Gás Seco;Todo hidrocarboneto ou mistura de hidrocarbonetos que permaneça inteiramente na fase gasosa em quaisquer condições de reservatório ou de superfície. PORTARIA ANP Nº 9, DE 21/1/2000;glossario_anp
Gás Úmido;Todo hidrocarboneto ou mistura de hidrocarbonetos que, embora originalmente na fase gasosa, venha a apresentar a formação de líquidos em diferentes condições de reservatório ou de superfície. PORTARIA ANP Nº 9, DE 21/1/2000;glossario_anp
Gasoil 0.2%;Classificação de gasóleos utilizados em aquecimento na França e Alemanha, com teor máximo de enxofre de 0,2% (dois décimos por cento) e densidade de 845 kg/m3 (oitocentos e quarenta e cinco quilogramas por metro cúbico). PORTARIA ANP Nº 206, DE 29/8/2000;glossario_anp
Gasóleo de Coqueamento;Fração de hidrocarboneto que tem a mesma faixa de destilação do óleo diesel, e que é produzida na unidade de coqueamento retardado. É um produto intermediário que serve de matéria-prima para a produção de GLP e a gasolina na unidade de craqueamento. A fração leve de gasóleo de coqueamento pode ser incorporada ao pool de diesel, após hidrotratamento.;glossario_anp
Gasóleo de Vácuo;Fração de hidrocarboneto produzida na unidade de destilação a vácuo. É um produto intermediário que serve de matéria-prima para a produção de GLP e gasolina na unidade de craqueamento.;glossario_anp
Gasolina;Combustível energético para motores de combustão interna com ignição por centelha (ciclo Otto). Composto de frações líquidas leves do petróleo, cuja composição de hidrocarbonetos varia desde C5 até C10 ou C12.;glossario_anp
Gasolina A;Produzida no País, a importada ou a formulada pelos agentes econômicos autorizados para cada caso, isenta de componentes oxigenados e que atenda ao regulamento técnico. PORTARIA ANP Nº 309, DE 27/12/2001;glossario_anp
Gasolina Automotiva;Compreende a(s) gasolina(s), especificada(s) pela ANP, exceto a gasolina de aviação e a gasolina para uso em competição automotiva. PORTARIA ANP Nº 72, DE 26/4/2000;glossario_anp
Gasolina C;Aquela constituída de gasolina A e etanol anidro combustível, nas proporções e especificações definidas pela legislação em vigor e que atenda ao regulamento técnico. PORTARIA ANP Nº 309, DE 27/12/2001 Gasolina de Aviação (GAV ou AVGAS) Derivado de petróleo utilizado como combustível em aeronaves com motores de ignição por centelha. RESOLUÇÃO ANP Nº 18, DE 26/7/2006;glossario_anp
Gasolina de Pirólise;"Fração de produtos na faixa da gasolina, gerada na pirólise de nafta petroquímica; ou seja, produto resultante da pirólise onde são retiradas as frações leves (eteno, propeno e C4). Posteriormente, a partir dessa fração primária, são retiradas as correntes C9 e os aromáticos.";glossario_anp
Gasolina Natural;Mistura de hidrocarbonetos que se encontra na fase líquida, em determinadas condições de pressão e temperatura, normalmente obtida do processamento do gás natural rico em hidrocarbonetos pesados. Composta essencialmente de pentano (C5) e outros hidrocarbonetos superiores em menor quantidade. PORTARIA ANP Nº 9, DE 21/1/2000;glossario_anp
Grau API;Escala hidrométrica idealizada pelo American Petroleum Institute – API, juntamente com a National Bureau of Standards e utilizada para medir a densidade relativa de líquidos. PORTARIA ANP Nº 206, DE 29/8/2000;glossario_anp
Graxa Lubrificante;Fluido espessado por adição de outros agentes, formando uma consistência de “gel”. Tem a mesma função do óleo lubrificante, mas com consistência semi-sólida para reduzir a tendência do lubrificante a fluir ou vazar. Voltar para o alto da página – H –;glossario_anp
H2S;Sulfeto de hidrogênio ou gás sulfídrico, gás incolor com odor característico, tóxico, altamente inflamável e corrosivo, sub-produto do processo de refino do petróleo.;glossario_anp
Hexano;Hidrocarboneto insaturado com 6 átomos de carbono (C6H14), obtido da destilação fracionada do petróleo, em estado líquido, incolor e volátil, com leve odor característico, usado como solvente.;glossario_anp
Hidrocarboneto;Composto constituído apenas por carbono e hidrogênio. O petróleo e o gás natural são exemplos de hidrocarbonetos. . Voltar para o alto da página – I – i-Sigep Página dentro do sítio da ANP que permite aos operadores enviar, via internet, algumas informações exigidas contratualmente. Ver também Sistema de Informações Gerenciais de Exploração e Produção (Sigep);glossario_anp
Individualização da Produção;Viabilização, por um projeto único, do desenvolvimento e da produção de uma jazida que se estende por áreas de concessão pertencentes a concessionários diferentes ou que se estende por área pertencente a um concessionário e por área não concedida, de forma a otimizar a recuperação e garantir as melhores práticas da indústria do petróleo.;glossario_anp
Indústria de Biocombustível;Conjunto de atividades econômicas relacionadas com produção, importação, exportação, transferência, transporte, armazenagem, comercialização, distribuição, avaliação de conformidade e certificação de qualidade de biocombustíveis.;glossario_anp
Indústria do Petróleo;Conjunto de atividades econômicas relacionadas com a exploração, desenvolvimento, produção, refino, processamento, transporte, importação e exportação de petróleo, gás natural e outros hidrocarbonetos fluidos e seus derivados.;glossario_anp
Indústria Petroquímica;Indústria de produtos químicos derivados do petróleo. Os produtos da indústria petroquímica incluem parafinas, olefinas, nafteno e hidrocarbonetos aromáticos (metano, etano, propano, etileno, propileno, butenos, ciclohexanos, benzeno, tolueno, naftaleno etc) e seus derivados.;glossario_anp
Injeção Acumulada de Gás Natural;Volume de gás natural injetado em reservatórios até uma determinada data. PORTARIA ANP Nº 9, DE 21/1/2000;glossario_anp
Inspeção Metrológica;Exame de um instrumento de medição (ou de um sistema de medição) para constatar se a marca de verificação e/ou o certificado de verificação é válido, se nenhuma marca de selagem foi danificada ou violada, se o instrumento (ou sistema de medição) não sofreu modificações evidentes após a verificação metrológica e se seus erros não ultrapassam os erros máximos admissíveis em serviço.;glossario_anp
Inspetora;Empresa independente, assim considerada aquela sem vínculo societário direto ou indireto com outros agentes que exerçam atividade regulada pela ANP, e não exerçam a representação de agentes que comercializem produtos regulados ou exerçam atividade autorizada pela ANP. PORTARIA ANP Nº 311, DE 27/12/2001;glossario_anp
Instalação;Estrutura fixa ou móvel utilizada nas atividades de perfuração, produção, armazenamento ou transferência de petróleo e gás natural.;glossario_anp
Instalação Compartilhada;Instalação de produção que faz parte do sistema de produção de dois ou mais campos de produção de petróleo ou gás natural, ou que assumirá esta situação por estar considerada em plano(s) de desenvolvimento submetido(s) à ANP. RESOLUÇÃO ANP Nº 28, DE 18/10/2006 Instalação de Produção (Petróleo e Gás Natural) Todo e qualquer equipamento ou tubulação, ou conjunto destes que integre um sistema de produção. RESOLUÇÃO ANP Nº 27, DE 18/10/2006;glossario_anp
Instalação de Transferência;Conjunto de instalações necessárias à movimentação de gás natural em meio ou percurso de interesse específico e exclusivo do proprietário ou explorador das facilidades. RESOLUÇÃO ANP Nº 27, DE 14/10/2005;glossario_anp
Instalação de Transporte;Conjunto de instalações necessárias à prestação do serviço de transporte dutoviário de gás natural, incluindo dutos, estações de compressão, de medição, de redução de pressão e de entrega. RESOLUÇÃO ANP Nº 27, DE 14/10/2005;glossario_anp
Instrumentos de Medição Associados;Instrumentos conectados ao dispositivo calculador, ao dispositivo de correção ou ao dispositivo de conversão, para medição de certas quantidades que são características do líquido, com vistas a fazer uma correção e/ou uma conversão.;glossario_anp
Interpretação de Dados;Atividade destinada ao estudo, análise e avaliação do conteúdo técnico e científico de dados adquiridos e de dados e informações. RESOLUÇÃO ANP Nº 11, de 17/2/2011;glossario_anp
Intervalo Permeável;Intervalo de rocha porosa capaz de armazenar e produzir fluidos. PORTARIA ANP Nº 25, DE 6/3/2002 . Voltar para o alto da página – J –;glossario_anp
Jazida;Reservatório ou depósito já identificado e possível de ser posto em produção.;glossario_anp
LEI Nº 9.478, DE 6/8/1997;. Voltar para o alto da página – L –;glossario_anp
Lavra ou Produção;Conjunto de operações coordenadas de extração de petróleo ou gás natural de uma jazida e de preparo para sua movimentação.;glossario_anp
Lei do Petróleo;Lei n.º 9.478, de 6 de agosto de 1997, que dispõe sobre a política energética nacional, as atividades relativas ao monopólio do petróleo, institui o Conselho Nacional de Política Energética e a Agência Nacional do Petróleo.;glossario_anp
LGN de Xisto;Parte do gás que se encontra na fase líquida em determinada condição de pressão e temperatura na superfície, obtida nos processos de retortagem do xisto, equivalente em composição química ao LGN.;glossario_anp
Licença Ambiental;Ato administrativo pelo qual o órgão ambiental competente, estabelece as condições, restrições e medidas de controle ambiental que deverão ser obedecidas pelo empreendedor, pessoa física ou jurídica, para localizar, instalar, ampliar e operar empreendimentos ou atividades utilizadoras dos recursos ambientais consideradas efetiva ou potencialmente poluidoras ou aquelas que, sob qualquer forma, possam causar degradação ambiental. (Resolução Conama nº 237/1997);glossario_anp
Licenciamento Ambiental;Procedimento administrativo pelo qual o órgão ambiental competente licencia a localização, instalação, ampliação e a operação de empreendimentos e atividades utilizadoras de recursos ambientais, consideradas efetiva ou potencialmente poluidoras ou daquelas que, sob qualquer forma, possam causar degradação ambiental, considerando as disposições legais e regulamentares e as normas técnicas aplicáveis ao caso. (Resolução Conama nº 237/1997);glossario_anp
Licitação de Blocos;Procedimento administrativo, de natureza formal, onde a ANP estabelece os requisitos técnicos, econômicos e jurídicos que deverão ser obrigatoriamente atendidos pelas empresas que se propõem a exercer atividades de exploração e produção de petróleo e gás natural, mediante contratos de concessão. Limite da Área de Aquisição na Concessão Limite da área de concessão acrescido de área externa adicional necessária à correta aquisição do dado, conforme a necessidade de cada tipo de método. RESOLUÇÃO ANP Nº 11, de 17/2/2011;glossario_anp
Líquido de Gás Natural (LGN);Parte do gás natural que se encontra na fase líquida em determinada condição de pressão e temperatura na superfície, obtida nos processos de separação de campo, em unidades de processamento de gás natural ou em operações de transferência em gasodutos. PORTARIA ANP Nº 9, DE 21/1/2000;glossario_anp
Livre Acesso;Corresponde ao uso, por terceiros interessados, de dutos de transporte e terminais aquaviários destinados à movimentação de petróleo e seus derivados e gás natural , existentes ou a serem construídos, mediante remuneração adequada ao titular das instalações. O livre acesso às instalações classificadas como de Transporte (q.v.), estabelecido no Art. 58 da Lei nº 9.478/1997, foi regulamentado pela ANP através das portarias nos 115/2000, 251/2000, 255/2000 e resoluções nos 27/2005, 28/2005 e 29/2005. Ver também Resolução de Conflito.;glossario_anp
Ver Óleo Lubrificante;. Voltar para o alto da página – M –;glossario_anp
Marcador;Substância que permita, através dos métodos analíticos estabelecidos pela ANP, a identificação de sua presença na gasolina e que, ao ser adicionada aos PMC, em concentração não superior a 1ppm não altere suas características físico-químicas, e não interfira no grau de segurança para manuseio e uso desses produtos. PORTARIA ANP Nº 274, DE 01/11/2001;glossario_anp
Margem Bruta de Refino (MBR);Remuneração, por unidade de volume expressa em metro cúbico, da atividade de refino, deduzido o custo do petróleo processado no período de competência considerado.;glossario_anp
Medição de Transferência de Custódia;Medição do volume de petróleo ou gás natural, movimentado com transferência de custódia, nos pontos de entrega e recepção.;glossario_anp
Medição Fiscal;Medição do volume de produção fiscalizada efetuada num ponto de medição da produção a que se refere o inciso IV do Art. 3º, do Decreto nº 2.705, de 3/8/1998. PORTARIA ANP Nº 90, DE 31/5/2000 e PORTARIA CONJUNTA Nº 1, DE 19/6/2000;glossario_anp
Medição Fiscal Compartilhada;Medição fiscal dos volumes de produção de dois ou mais campos, que se misturam antes do ponto de medição. PORTARIA CONJUNTA Nº 1, DE 19/6/2000;glossario_anp
Medição Operacional;"Medição para controle da produção que inclui medições de petróleo e gás natural para consumo como combustível ou para qualquer outra utilização dentro do campo; do gás natural utilizado para elevação artificial, injeção, estocagem, ventilado ou queimado em tocha; da água produzida, injetada, captada ou descartada; do petróleo transferido; do gás natural para processamento; do petróleo e gás natural transportado, estocado, movimentado com transferência de custódia, importado ou exportado.                                                                                                                                                                                                            PORTARIA CONJUNTA ANP/Inmetro Nº 1, DE 19/6/2000";glossario_anp
Medição para Apropriação;Medição a ser utilizada para determinar os volumes de produção a serem apropriados a cada campo em um conjunto de campos com medição compartilhada ou a cada poço em um mesmo campo. PORTARIA CONJUNTA Nº 1, DE 19/6/2000;glossario_anp
Medidor de BSW;Instrumento destinado a medir a porcentagem de água e sedimentos em relação ao volume total do fluido.;glossario_anp
Medidor de Fluidos;Instrumento destinado a medir continuamente, computar e indicar o volume do fluido que passa pelo transdutor de medição, sob as condições de medição. PORTARIA CONJUNTA Nº 1, DE 19/6/2000;glossario_anp
Medidor em Operação;Medidor utilizado para a medição fiscal, apropriação ou operacional do volume de produção de um ou mais campos.;glossario_anp
Medidor Padrão;Medidor utilizado como padrão de comparação na calibração de outros medidores. PORTARIA CONJUNTA Nº 1, DE 19/6/2000;glossario_anp
Medidor Padrão de Referência;Padrão, geralmente tendo a mais alta qualidade metrológica disponível em um dado local ou em uma dada organização, a partir do qual as medições lá executadas são derivadas.;glossario_anp
Medidor Padrão de Trabalho;Padrão utilizado rotineiramente para calibrar ou controlar medidas materializadas, instrumentos de medição ou materiais de referência. Melhores Práticas da Indústria do Petróleo Práticas e procedimentos visando a maximização da recuperação dos recursos petrolíferos de forma técnica e economicamente sustentável e que estejam em consonância com a conservação e o uso racional de petróleo e gás natural, controle do declínio das reservas e a preservação do meio ambiente. PORTARIA ANP Nº 90, DE 31/5/2000;glossario_anp
Mercado Spot;Mercado no qual são negociadas quantidades marginais do produto, não cobertas por contratos. O mercado spot considera a oferta e a demanda do produto no momento da negociação de compra e venda, para entrega imediata.;glossario_anp
Metadados ou Dados Culturais;Quaisquer registros relativos às aquisições de dados que servem para descrever ou identificá-las, tais como, mas não restritos a estes: mapas, relatórios, documentos. RESOLUÇÃO ANP Nº 11, de 17/2/2011;glossario_anp
Método Analítico (Produção);Consiste na obtenção dos recursos de petróleo e gás natural de um determinado reservatório através da aplicação de um modelo analítico de engenharia de reservatórios e utilizando-se o histórico de produção e as propriedades físicas dos fluidos e das rochas deste reservatório. Método de análise de curvas de declínio de produção pode ser empregado para se obter diretamente as reservas petrolíferas ou gaseíferas, desde que se disponha de um histórico de produção confiável e representativo. PORTARIA ANP Nº 9, DE 21/1/2000 Método de Balanço de Materiais (Produção) Consiste na obtenção de volumes in-situ originais através da aplicação direta da equação de balanço de materiais ou do uso de simuladores matemáticos de fluxo de fluidos em reservatórios, utilizando-se, para tanto, o histórico de produção e as propriedades físicas dos fluidos e das rochas. PORTARIA ANP Nº 9, DE 21/1/2000;glossario_anp
Método de Similaridade (Produção);Consiste na obtenção dos recursos de petróleo e gás natural de um determinado reservatório com base em sua similaridade com outros reservatórios para os quais se conhece com segurança o fator de recuperação. PORTARIA ANP Nº 9, DE 21/1/2000;glossario_anp
Método Empírico (Produção);Consiste na obtenção dos recursos de petróleo e gás natural de um determinado reservatório através da aplicação de correlações empíricas, comprovadamente reconhecidas pela indústria de petróleo, que considerem as características permo-porosas da rocha-reservatório, as características dos fluidos presentes e os mecanismos de produção deste reservatório. PORTARIA ANP Nº 9, DE 21/1/2000;glossario_anp
Método Experimental (Produção);Consiste na obtenção dos recursos de petróleo e gás natural de um determinado reservatório através da interpretação de ensaios de laboratório e de modelos reduzidos que reproduzam as características deste reservatório. PORTARIA ANP Nº 9, DE 21/1/2000;glossario_anp
Método Numérico (Produção);Consiste na obtenção dos recursos de petróleo e gás natural de um determinado reservatório através do emprego de simuladores numéricos de fluxo de fluidos em reservatórios e utilizando-se dados de modelagem geológica e de análise do sistema rocha-fluido deste reservatório. PORTARIA ANP Nº 9, DE 21/1/2000;glossario_anp
Método Volumétrico (Exploração e Produção);Consiste na obtenção de volumes in situ originais utilizando-se mapas elaborados a partir de informações geológicas, geofísicas e de produção. PORTARIA ANP Nº 9, DE 21/1/2000;glossario_anp
Movimentação de Produtos;Escoamento de qualquer produto pelo terminal, considerando as operações de recebimento e expedição por qualquer modal (aquaviário, dutoviário, rodoviário ou ferroviário), e a armazenagem pelo tempo necessário para a adequada execução dessas operações de acordo com as características de cada terminal. PORTARIA ANP Nº 10, DE 30/1/2002;glossario_anp
Ver Éter Metil-Terc-Butílico;. Voltar para o alto da página – N –;glossario_anp
Nafta;Derivado de petróleo utilizado principalmente como matéria-prima da indústria petroquímica (“nafta petroquímica” ou “nafta não-energética”) na produção de eteno e propeno, além de outras frações líquidas, como benzeno, tolueno e xilenos. A nafta energética é utilizada para geração de gás de síntese através de um processo industrial (reformação com vapor d’água). Este gás é utilizado na produção do gás canalizado doméstico.;glossario_anp
Navegação de Longo Curso;Navegação realizada entre portos de diferentes nações.;glossario_anp
Nome (Poço);Conjunto de símbolos alfanuméricos que identifica o poço em relatórios, mapas e demais documentos. É constituído de cinco partes referentes a: categoria, referência nominal, numeração, tipo e referência geográfica. RESOLUÇÃO ANP Nº 49, DE 20.9.2011;glossario_anp
Normal-Parafina;Fração do petróleo composta de hidrocarbonetos não ramificados, usada como matéria-prima na fabricação do alquilbenzeno linear que, por sua vez, é utilizado na fabricação de detergentes biodegradáveis. Notificação de Compra de Dados Não Exclusivos Formulário preenchido pelo concessionário comunicando à ANP a compra de dados geofísicos ou geoquímicos de empresa de aquisição de dados (EAD) autorizada pela Agência.;glossario_anp
Notificação de Descoberta;Comunicação de uma descoberta de hidrocarbonetos, feita à ANP pelo i-Sigep, caracterizada por pelo menos dois dos seguintes indícios: (i) indícios em rocha, (ii) MWD ou interpretação de perfis LWD ou convencionais, (iii) recuperação em testes de produção e (iv) presença na superfície em perfuração underbalanced ou ameaça de erupção. Notificação de Início de Levantamento Geoquímico Formulário enviado pelo concessionário à ANP em até 20 dias antes do início do levantamento como condição para consideração do investimento no abatimento do PEM. Notificação de Término de Levantamento Geoquímico Formulário enviado pelo concessionário à ANP em até 10 dias após a última amostragem do levantamento como condição para consideração do investimento no abatimento do PEM.;glossario_anp
Número de Reynolds;Parâmetro adimensional, proporcional à densidade do fluido, à velocidade média de escoamento, ao diâmetro do tubo e inversamente proporcional à viscosidade do fluido. Este parâmetro possibilita verificar qual a natureza do escoamento incompressível presente em um tubo.;glossario_anp
NWE/basis ARA;Mercado localizado no Noroeste da Europa, tendo como base a região de Antuérpia, Roterdã e Amsterdã, considerado como referência naPlatt’s European Marketscan para o levantamento de preços de derivados do petróleo. PORTARIA ANP Nº 206, DE 29/8/2000 . Voltar para o alto da página – O –;glossario_anp
Obra Adjacente;Obra ou serviço que venha a ser executado em área cuja totalidade ou fração esteja situada a uma distância de até 15 metros, medida a partir dos limites da faixa de domínio de dutos. PORTARIA ANP Nº 125, DE 5/8/2002;glossario_anp
Obra com Interferência;Obra ou serviço, devidamente aprovado pelo órgão municipal ou estadual competente, que venha a ser executado em faixa de domínio de dutos. PORTARIA ANP Nº 125, DE 5/8/2002;glossario_anp
Ocupação ou Retenção de Área;Ver Pagamento pela Ocupação ou Retenção de Área;glossario_anp
Oferta Interna Bruta;Quantidade de energia que se coloca à disposição do país para ser consumida ou submetida aos processos de transformação e, para cada fonte energética, corresponde à soma das quantidades produzida e importada subtraída das quantidades exportada, não aproveitada, reinjetada e da sua variação de estoque.;glossario_anp
Óleo Combustível 1A ou A1;Óleo combustível com viscosidade cinemática máxima de 620 mm2/s (a 60o C) e teor de enxofre máximo de 2,5%, além de outras características especificadas no Regulamento Técnico nº 003/99, aprovado pela  PORTARIA ANP Nº 80 DE 1999.;glossario_anp
Óleo de Xisto;Óleo obtido através do processamento do xisto betuminoso.;glossario_anp
Óleo diesel A;Combustível produzido por processos de refino de petróleo, centrais de matérias-primas petroquímicas ou autorizado nos termos do § 1º do art. 1º da Resolução ANP nº 65,de 9/12/2011,  destinado a veículos dotados de motores do ciclo Diesel, de uso rodoviário, sem adição de biodiesel. Resolução ANP Nº 65, de 9.12.2011 Óleo diesel B                                                                                                                                                                                                      Óleo diesel A adicionado de biodiesel no teor estabelecido pela legislação vigente.                                                             Resolução ANP Nº 65, de 9.12.2011 Óleo diesel A S50 e B S50                                                                                                                                                                     Combustíveis com teor de enxofre, máximo, de 50 mg/kg.                                                                                                                     Resolução ANP Nº 65, de 9.12.2011 Óleo diesel A S500 e B S500                                                                                                                                                                 Combustíveis com teor de enxofre, máximo, de 500 mg/kg. Resolução ANP Nº 65, de 9.12.2011 Óleo diesel A S1800 e B S1800                                                                                                                                                             Combustíveis com teor de enxofre, máximo, de 1800 mg/kg.                                                                                                             Resolução ANP Nº 65, de 9.12.2011;glossario_anp
Óleo Leve de Reciclo;Corrente produzida no FCC (craqueador catalítico em leito fluidizado), podendo ser utilizada na diluição de óleo combustível, para diminuir sua viscosidade, ou como óleo diesel, após hidrotratamento.;glossario_anp
Óleo Lubrificante;Líquido obtido por destilação do petróleo bruto. Os óleos lubrificantes são utilizados para reduzir o atrito e o desgaste de peças e equipamentos , desde o delicado mecanismo de relógio até os pesados mancais de navios e máquinas industriais.;glossario_anp
Óleo Lubrificante Acabado;Produto formulado a partir de óleo lubrificante básico ou de mistura de óleos lubrificantes básicos, podendo ou não conter aditivos. RESOLUÇÃO ANP Nº 17, DE 18/6/2009;glossario_anp
Óleo Lubrificante Básico;Principal constituinte do óleo lubrificante acabado, devendo ser classificado em um dos seis grupos definidos como parâmetros da classificação de óleos básicos. RESOLUÇÃO ANP Nº 17, DE 18/6/2009;glossario_anp
Óleos Combustíveis;Óleos residuais de alta viscosidade, obtidos do refino do petróleo ou através da mistura de destilados pesados com óleos residuais de refinaria. São utilizados como combustível pela indústria, em equipamentos destinados a produzir trabalho a partir de uma fonte térmica. PORTARIA ANP Nº 80, DE 30/4/1999;glossario_anp
Opep;Ver Organização dos Países Exportadores de Petróleo.;glossario_anp
Operador da Concessão;Empresa legalmente designada pelo concessionário para conduzir e executar todas as operações e atividades na área de concessão, de acordo com o estabelecido no contrato de concessão celebrado entre o órgão regulador da indústria do petróleo e o concessionário.;glossario_anp
Operador da Instalação;Operador da concessão ou empresa designada pelo mesmo para ser responsável pelo gerenciamento e execução de todas as operações e atividades de uma instalação. Operador de Unidade de Compressão de GNC Pessoa jurídica constituída sob as leis brasileiras, com sede e administração no País, autorizada pela ANP à construir, ampliar e operar unidades de compressão de GNC. RESOLUÇÃO ANP Nº 41, DE 5/12/2007 Orçamento Anual de Trabalho – OAT Detalhamento dos investimentos que serão realizados pelo concessionário na execução do respectivo Programa Anual de Trabalho, no decorrer de um ano civil qualquer. PORTARIA ANP Nº 123, DE 18/7/2000;glossario_anp
Ver Programa Anual de Trabalho;Organização dos Países Exportadores de Petróleo (Opep) Organização multinacional estabelecida em 1960, com a função de coordenar as políticas de petróleo dos países-membros. É formada pelos seguintes países-membros. Angola, Argélia, Líbia, Nigéria, Indonésia, Irã, Iraque, Coveite, Catar, Arábia Saudita, Emirados Árabes Unidos, Venezuela e Equador. . Voltar para o alto da página – P – Pagamento pela Ocupação ou Retenção de Área Participação governamental paga pelos concessionários, referente ao pagamento pela ocupação ou retenção da área concedida durante as fases de exploração e produção.;glossario_anp
Parafina;Frações do petróleo compostas basicamente de hidrocarbonetos sólidos parafínicos obtidos no processo de desparafinação dos óleos lubrificantes. Têm largo emprego na indústria de velas, papéis, lonas, baterias, pilhas, laticínios, frigoríficos e alguns produtos químicos.;glossario_anp
Parcela de Preços Específica (PPE);Criada em julho/98 para substituir a parcela Frete de Uniformização de Preços (FUP), a PPE integra os preços dos derivados básicos de petróleo nas refinarias da Petrobras* (estabelecidos em ato conjunto dos Ministérios da Fazenda e de Minas e Energia) e gera recursos para ressarcimentos de despesas previstas na Lei nº 4.452/1964 (Art. 13 e suas alterações), que incluem despesas com o programa do álccol, fretes de determinados derivados em regiões isoladas etc. Seu valor é calculado, mensalmente, através da diferença entre o preço de faturamento (na condição á vista, sem ICMS) e o preço de realização, descontadas as contribuições para PIS/Pasep e Confins. Parque de Abastecimento de Aeronaves (PAA) Conjunto de instalações fixas, compreendendo tanques, equipamentos e prédios (administração, manutenção e outros), com a finalidade de receber, armazenar e distribuir combustíveis de aviação, localizado dentro de aeródromo público ou privado, que atenda às normas da Autoridade Aeronáutica, da administração aeroportuária local, da Associação Brasileira de Normas Técnicas (ABNT), do órgão ambiental competente e às posturas municipais. RESOLUÇÃO ANP Nº 18, DE 26/7/2006;glossario_anp
Participação Especial;Compensação financeira extraordinária devida pelos concessionários de exploração e produção de petróleo ou gás natural, nos casos de grande volume de produção ou de grande rentabilidade.;glossario_anp
Participações de Terceiros;Pagamento aos proprietários da terra onde se localiza o poço produtor. Esta participação equivale, em moeda corrente, a um percentual variável entre cinco décimos por cento e um por cento do valor da produção de petróleo e gás natural.;glossario_anp
Participações Governamentais;Pagamentos a serem realizados pelos concessionários de atividades de exploração e produção de petróleo e de gás natural. Correspondem ao bônus de assinatura, royalties, participação especial e pagamento pela ocupação ou retenção de área.;glossario_anp
PEM;Conjunto de atividades destinadas ao cumprimento das obrigações contratuais da fase de exploração, realizadas em uma área de concessão e no qual cada atividade é computada quantitativamente de acordo com a sua natureza e abrangência, que possui uma equivalência em unidades de trabalho (UT’s) e que corresponde ao parâmetro de oferta vencedor da licitação da área.;glossario_anp
Ver Poder Calorífico Superior;Período de Confidencialidade (Exploração e Produção) Período de tempo em que os dados são considerados confidenciais, findo o qual os mesmos tornam-se públicos. RESOLUÇÃO ANP Nº 11, de 17/2/2011;glossario_anp
Pesquisa ou Exploração;Conjunto de operações ou atividades destinadas a avaliar áreas, objetivando a descoberta e a identificação de jazidas de petróleo ou gás natural.;glossario_anp
Petróleo;Todo e qualquer hidrocarboneto líquido em seu estado natural, a exemplo do óleo cru e condensado.;glossario_anp
Petróleo Brent;Mistura de tipos de petróleo produzidos no Mar do Norte, oriundos dos sistemas petrolíferos Brent e Ninian. PORTARIA ANP Nº 206, DE 29/8/2000;glossario_anp
Petróleo Estabilizado;Petróleo com pressão de vapor inferior a 70 kPa, na temperatura de medição.;glossario_anp
Petróleo Extra-pesado;Todo petróleo com densidade superior a 1,00 (ou grau API inferior a 10°). PORTARIA ANP Nº 9, DE 21/1/2000;glossario_anp
Petróleo Leve;Todo petróleo com densidade igual ou inferior a 0,87 (ou grau API igual ou superior a 31°). PORTARIA ANP Nº 9, DE 21/1/2000;glossario_anp
Petróleo Mediano;Todo petróleo com densidade superior a 0,87 e igual ou inferior a 0,92 (ou grau API igual ou superior a 22° e inferior a 31°). PORTARIA ANP Nº 9, DE 21/1/2000;glossario_anp
Petróleo Pesado;Todo petróleo com densidade superior a 0,92 e igual ou inferior a 1,00 (ou grau API igual ou superior a 10° e inferior a 22°). PORTARIA ANP Nº 9, DE 21/1/2000;glossario_anp
PEV;Ver Análise de Pontos de Ebulição Verdadeiros Plano de Avaliação de Descobertas – PAD de Petróleo ou Gás Natural.                                                                                            Documento preparado pelo concessionário a qualquer tempo, na Fase de Exploração ou na Fase de Produção, quando houver decisão de avaliar a descoberta. RESOLUÇÃO ANP Nº 31, DE 9.6.2011;glossario_anp
Plano de Desenvolvimento;Documento preparado pelo Concessionário contendo o programa de trabalho e respectivo investimento, necessários ao desenvolvimento de uma descoberta de petróleo ou gás natural na área da concessão nos termos do Contrato de Concessão. PORTARIA ANP Nº 90, DE 31/5/2000;glossario_anp
Plano de Emergência;Conjunto de medidas que determinam e estabelecem as responsabilidades setoriais e as ações a serem desencadeadas imediatamente após um Incidente, bem como definem os recursos humanos, materiais e equipamentos adequados à prevenção, controle e resposta ao Incidente.;glossario_anp
Platt’s Crude Oil Marketwire;Publicação diária de cotações de tipos de petróleo, adotada como padrão no mercado internacional, para a formação de preços de cargas de petróleo. PORTARIA ANP Nº 206, DE 29/8/2000;glossario_anp
Platt’s European Marketscan;Publicação diária de cotações de produtos derivados de petróleo, adotada como padrão no mercado internacional, para a formação de preços de cargas de derivados. PORTARIA ANP Nº 206, DE 29/8/2000;glossario_anp
Poço;"(1) buraco perfurado no solo, através do qual se obtém ou se intenciona obter petróleo ou gás natural; (2) buraco perfurado no solo para a introdução de água ou gás sob pressão ou outros fluidos, em um reservatório.";glossario_anp
Poço Abandonado;"Todo poço abandonado definitivamente, concluído ou não; deve ser reclassificado como 2. PORTARIA ANP Nº 76, DE 3/5/2000";glossario_anp
Poço de Desenvolvimento;Aquele perfurado em área de desenvolvimento ou produção. PORTARIA ANP Nº 283, DE 14/11/2001;glossario_anp
Poço de Extensão;Todo poço com petróleo e/ou gás natural, que permite a delimitação ou a ampliação de uma jazida, independente do fato de poder ou não ser aproveitado economicamente para produção. PORTARIA ANP Nº 76, DE 3/5/2000;glossario_anp
Poço Descobridor de Campo;Aquele cujo resultado foi a descoberta de uma nova área produtora ou potencialmente produtora de petróleo e/ou gás natural, envolvendo uma ou mais jazidas. PORTARIA ANP Nº 76, DE 3/5/2000;glossario_anp
Poço Descobridor de Nova Jazida;Aquele que resultou na descoberta de uma acumulação produtora ou potencialmente produtora de petróleo e/ou gás natural, mais rasa ou mais profunda em um campo ou adjacente a ele. PORTARIA ANP Nº 76, DE 3/5/2000;glossario_anp
Poço Especial;Identificado com o código 9, é aquele que visa permitir uma operação específica que não se enquadra nas situações anteriormente definidas. PORTARIA ANP Nº 75, DE 3/5/2000;glossario_anp
Poço Exploratório;Aquele perfurado em área de exploração. PORTARIA ANP Nº 283, DE 14/11/2001 Poço Exploratório de Extensão                                                                                                                                                                       Poço que visa delimitar a acumulação de petróleo ou gás natural em um reservatório, podendo ser perfurado em qualquer Fase do Contrato de Concessão. RESOLUÇÃO ANP Nº 49, DE 20.9.2011 Poço Exploratório Estratigráfico                                                                                                                                                                       Poço perfurado com a finalidade de se conhecer a coluna estratigráfica de uma bacia e obter outras informações geológicas de subsuperfície. RESOLUÇÃO ANP Nº 49, DE 20.9.2011 Poço Exploratório para Jazida Mais Profunda                                                                                                                                              Poço que visa testar a ocorrência de jazidas mais profundas em determinada área. RESOLUÇÃO ANP Nº 49, DE 20.9.2011 Poço Exploratório para Jazida Mais Rasa                                                                                                                                                      Poço que visa testar a ocorrência de jazidas mais rasas em determinada área. RESOLUÇÃO ANP Nº 49, DE 20.9.2011 Poço Exploratório Pioneiro                                                                                                                                                                                     Poço que visa testar a ocorrência de petróleo ou gás natural em um ou mais objetivos de um prospecto geológico. RESOLUÇÃO ANP Nº 49, DE 20.9.2011 Poço Exploratório Pioneiro Adjacente                                                                                                                                                           Poço que visa testar a ocorrência de petróleo ou gás natural em área adjacente a uma descoberta. RESOLUÇÃO ANP Nº 49, DE 20.9.2011;glossario_anp
Poço Explotatório;Poço perfurado em campos de petróleo e/ou gás natural.;glossario_anp
Ver também Poço Produtor Comercial;Poço Explotatório de Injeção                                                                                                                                                                            Poço destinado à injeção de fluidos visando melhorar a recuperação de petróleo ou de gás natural ou manter a energia do reservatório. RESOLUÇÃO ANP Nº 49, DE 20.9.2011 Poço Explotatório de Produção                                                                                                                                                                       Poço que visa drenar uma ou mais jazidas de um campo. RESOLUÇÃO ANP Nº 49, DE 20.9.2011;glossario_anp
Poço Injetor;Aquele que foi completado como injetor de fluidos visando otimizar a recuperação de petróleo, de gás natural ou a manter a energia do reservatório. PORTARIA ANP Nº 76, DE 3/5/2000 Poço Portador de Petróleo e/ou Gás Natural Todo poço incapaz de permitir a produção em quantidades comerciais, independentemente das facilidades de produção na área. PORTARIA ANP Nº 76, DE 3/5/2000;glossario_anp
Poço Produtor;Poço que produz petróleo ou gás natural.;glossario_anp
Poço Produtor Comercial;Todo poço que possibilite a drenagem econômica de petróleo e/ou gás natural de um reservatório. PORTARIA ANP Nº 76, DE 3/5/2000;glossario_anp
Poço Produtor Subcomercial;"Todo poço cuja produção de petróleo e/ou gás natural é considerada conjunturalmente antieconômica à época de sua avaliação; deve ser reclassificado como 0 (zero). PORTARIA ANP Nº 76, DE 3/5/2000";glossario_anp
Poço Seco;"Todo poço onde não se caracterizou a presença de petróleo móvel e/ou gás natural; deve ser reclassificado como 6. PORTARIA ANP Nº 76, DE 3/5/2000";glossario_anp
Poder Calorífico Inferior;Quantidade de energia liberada na forma de calor, na combustão completa de uma quantidade definida de gás com o ar, à pressão constante e com todos os produtos de combustão retornando à temperatura inicial dos reagentes, sendo que todos os produtos inclusive a água formada na combustão estão no estado gasoso. PORTARIA ANP Nº 104, DE 8/7/2000;glossario_anp
Poder Calorífico Superior;Quantidade de energia liberada, na forma de calor, na combustão completa de uma quantidade definida de gás com o ar, à pressão constante e com todos os produtos de combustão retornando à temperatura inicial dos reagentes, sendo que a água formada na combustão está no estado líquido. PORTARIA ANP Nº 104, DE 8/7/2000;glossario_anp
Ponto de Abastecimento;Instalação dotada de equipamentos e sistemas destinados ao armazenamento de combustíveis, com registrador de volume apropriado para o abastecimento de equipamentos móveis, veículos automotores terrestres, aeronaves, embarcações ou locomotivas. RESOLUÇÃO ANP Nº 12, DE 21/3/2007;glossario_anp
Ponto de Corte;Temperatura de ebulição entre 2 (dois) cortes de um dado petróleo. PORTARIA ANP Nº 206, DE 29/8/2000;glossario_anp
Ponto de Entrega;Ponto onde o produto movimentado é entregue pelo operador ao carregador ou a outro destinatário por este indicado. PORTARIA ANP Nº 10, DE 30/1/2002 Ver também RESOLUÇÃO ANP Nº 27, DE 14/10/2005;glossario_anp
Ponto de Medição;Ponto no qual são realizadas medições de petróleo ou gás natural utilizadas com objetivo fiscal, operacional ou de apropriação aos poços e ao campo.;glossario_anp
Ponto de Orvalho;Temperatura na qual ocorre a formação da primeira gota de líquido quando o gás sofre resfriamento ou compressão. Os líquidos normalmente encontrados são água, hidrocarbonetos ou glicol, que apresentam pontos de orvalho distintos.;glossario_anp
Ponto de Recepção;Ponto onde o produto a ser movimentado é entregue pelo carregador ao operador. PORTARIA ANP Nº 10, DE 30/01/2002 e RESOLUÇÃO ANP Nº 27, DE 14/10/2005;glossario_anp
Pontos;Instalações de movimentação de petróleo, seus derivados, gás natural, biodiesel e misturas óleo diesel/biodiesel, de qualquer natureza, inclusive plataformas, monoboias, FPSO (Floating, Production, Storage and Offloading), FSO (Floating, Storage and Offloading), balsas, barcaças, veículos terrestres ou qualquer instalação ou veículo que tenha condições técnicas de operar, armazenar ou transportar produtos. PORTARIA ANP Nº 170, DE 25/9/2002;glossario_anp
Pontos de Medição da Produção;Pontos a serem obrigatoriamente definidos no plano de desenvolvimento de cada campo, propostos pelo concessionário e aprovados pela ANP, nos termos do contrato de concessão, onde será realizada a medição volumétrica do petróleo ou do gás natural produzido nesse campo, expressa nas unidades métricas de volume adotadas pela ANP e referida à condição padrão de medição, e onde o concessionário assumirá a propriedade do respectivo volume de produção fiscalizada, sujeitando-se ao pagamento dos tributos incidentes e das participações legais e contratuais correspondentes;glossario_anp
Posto Revendedor de GLP (PRGLP);Estabelecimento autorizado pela ANP responsável pela atividade de revenda de gás liqüefeito de petróleo (GLP). PORTARIA ANP Nº 297, DE 18/11/2003;glossario_anp
Posto Revendedor Escola;"Revendedor varejista de combustíveis automotivos, com autorização da ANP para: capacitar e treinar mão-de-obra, em suas instalações, no atendimento adequado ao consumidor nas atividades de revenda de combustíveis automotivos; implantar e desenvolver novas tecnologias aplicadas à operação do posto de revenda e comercializar combustíveis automotivos. RESOLUÇÃO ANP Nº 4, DE 8/2/2006";glossario_anp
Posto Revendedor Flutuante;Estabelecimento localizado em embarcação sem propulsão, que opera em local fixo e determinado e que atende ao abastecimento de embarcações marítimas e fluviais, nesse estabelecimento. PORTARIA ANP Nº 116, DE 5/7/2000;glossario_anp
Posto Revendedor Marítimo;Estabelecimento localizado em terra firme, que atende também ao abastecimento de embarcações marítimas e fluviais. PORTARIA ANP Nº 116, DE 5/7/2000 Potencial de Produção Corrigido do Campo Somatório dos potenciais de produção corrigidos dos poços do campo. PORTARIA CONJUNTA Nº 1, DE 19/6/2000 Potencial de Produção Corrigido do Poço Volume de produção de um poço durante 24 horas, à vazão de teste.;glossario_anp
Potencial de Produção do Poço;Volume de produção de um poço durante 24 horas, à vazão de teste. PORTARIA CONJUNTA Nº 1, DE 19/6/2000;glossario_anp
Preço de Faturamento;Preço de venda dos derivados, cobrado pelas refinarias às distribuidoras, incluindo PIS/Cofins e PPE e excluindo ICMS e frete. Preço de Realização representa a receita unitária líquida da refinaria com a venda no mercado interno dos derivados básicos produzidos e importados (exceto QAV, nafta e óleo combustível), cujos preços seguem uma fórmula paramétricas que os mantêm alinhados com os valores vigentes no mercado internacional, de acordo com a sistemática introduzida pela Portaria Interministerial nº 3/98, atualizados pela PORTARIA MME/MF Nº 404 DE 1999.;glossario_anp
Preço de Referência;Preço por unidade de volume, expresso em moeda nacional, para o petróleo, o gás natural ou o condensado produzido em cada campo, a ser determinado pela ANP, de acordo com o disposto no Decreto no 2.705, de 3/8/1998.;glossario_anp
DECRETO Nº 2.705, DE 3/8/1998;Preço de Referência do Gás Natural Preço a ser aplicado a cada mês ao gás natural produzido durante o referido mês, em cada campo de uma área de concessão, em reais por mil metros cúbicos, na condição padrão de medição, será igual à média ponderada dos preços de venda do gás natural, livres dos tributos incidentes sobre a venda, acordados nos contratos de fornecimento celebrados entre o concessionário e os compradores do gás natural produzido na área de concessão, deduzidas as tarifas relativas ao transporte do gás natural até o ponto de entrega aos compradores . Na inexistência de contratos de venda do gás natural produzido na área de concessão, na ausência da apresentação, pelo concessionário, de todas as informações requeridas pela ANP para a fixação do preço de referência do gás natural, ou quando os preços de venda ou às tarifas de transporte informados não refletirem as condições normais do mercado nacional, a ANP fixará o preço de referência para o gás natural segundo seus próprios critérios.;glossario_anp
Preço de Referência do Petróleo;Preço a ser aplicado a cada mês ao petróleo produzido em cada campo durante o referido mês, em reais por metro cúbico, na condição padrão de medição, será igual à média ponderada dos seus preços de venda praticados pelo concessionário, ou ao Preço Mínimo estabelecido pela ANP, aplicando-se o que for maior.;glossario_anp
Preço Mínimo;Para efeitos de apuração de royalties e participação especial, é o preço determinado de acordo com a PORTARIA ANP Nº 206 DE 2000.;glossario_anp
PRH-ANP;Ver Programa de Recursos Humanos – PRH-ANP;glossario_anp
Processador;Pessoa jurídica autorizada pela ANP a processar o gás natural. PORTARIA ANP Nº 104, DE 8/7/2002;glossario_anp
Processamento (Exploração e Produção);Tratamento aplicado aos dados de forma a minimizar e/ou corrigir as distorções e os eventos indesejáveis provocados pelo processo de aquisição dos dados e posterior aplicação de técnicas e procedimentos visando à obtenção de informações de superfície e subsuperfície. RESOLUÇÃO ANP Nº 11, de 17/2/2011;glossario_anp
Produção;Conjunto de operações coordenadas de extração de petróleo ou gás natural de uma jazida e de preparo para sua movimentação. PORTARIA ANP Nº 90, DE 31/5/2000;glossario_anp
Produção Acumulada;Volume de fluido produzido dos reservatórios até uma determinada data. PORTARIA ANP Nº 9, DE 21/1/2000;glossario_anp
Produção de Biocombustível;Conjunto de operações indústriais para a transformação de biomassa renovável, de origem vegetal ou animal, em combustível.;glossario_anp
Produtor;Refinarias, centrais de matérias-primas petroquímicas, formuladores e produtores de biodiesel autorizados pela ANP. PORTARIA ANP Nº 319, DE 27/12/2001;glossario_anp
Produtor (Biodiesel);Pessoa jurídica ou consórcios  autorizados  pela ANP a exercerem a atividade de produção e comercialização de biodiesel. RESOLUÇÃO ANP Nº 14, DE 11/5/2012.;glossario_anp
Produtor Primário de Solventes;Pessoa jurídica que produz solventes a partir do fracionamento de petróleo, condensados, gás natural ou carvão. PORTARIA ANP Nº 318, DE 27/12/2001;glossario_anp
Produtor Secundário de Solventes;Pessoa jurídica que utiliza solventes ou naftas como matéria-prima para obtenção de outros solventes por meio de fracionamento ou mistura mecânica. PORTARIA ANP Nº 318, DE 27/12/2001;glossario_anp
Produtos de Marcação Compulsória (PMC);Solventes e eventuais derivados de petróleo a serem indicados pela ANP. PORTARIA ANP Nº 274, DE 1/11/2001;glossario_anp
Programa Anual de Produção;Programa em que se discriminam as previsões de produção e movimentação de petróleo, gás natural, água e outros fluidos e resíduos oriundos do processo de produção de cada campo. PORTARIA ANP Nº 100, DE 20/6/2000;glossario_anp
Programa Anual de Trabalho (PAT);Conjunto de atividades a serem realizadas pelo concessionário no decorrer de um ano civil qualquer e detalhamento do orçamento respectivo, apresentados por concessão. PORTARIA ANP Nº 123, DE 18/7/2000;glossario_anp
Programa de Recursos Humanos (PRH-ANP);"Programa da ANP para incentivar a formação de mão-de-obra especializada na indústria do petróleo e do gás natural. Abrange duas vertentes: uma voltada para profissionais de nível superior (PRH-ANP/MCT) – incluindo graduação e pós-graduação stricto sensu; e a outra voltada para a educação profissional de nível técnico (PRH-ANP/MEC-Técnico).";glossario_anp
Programação Extemporânea;Programação preparada pelo operador de terminal privativo de uso misto para o atendimento das solicitações de acesso efetuadas após a data limite. PORTARIA ANP Nº 10, DE 30/1/2002;glossario_anp
Programação Prévia;Programação mensal preparada pelo operador de terminal privativo de uso misto para o atendimento das solicitações de acesso efetuadas até a data limite. PORTARIA ANP Nº 10, DE 30/1/2002;glossario_anp
Projeto Básico;Conjunto de elementos necessários para definir os equipamentos e fluxogramas de processos das unidades de produção e armazenamento de derivados. PORTARIA ANP Nº 84, DE 24/5/2001;glossario_anp
Projeto de Adequação;Modificações de engenharia que atendam às legislações em vigor, necessárias para a produção e armazenamento de cada derivado, incluindo tanques, dutos, terminais e dados gerais de interligações, número de plataformas de carregamento e respectivas vazões. PORTARIA ANP Nº 84, DE 24/5/2001;glossario_anp
Projeto Piloto de Produção;Projeto de desenvolvimento parcial do campo, de concepção reduzida, constituindo-se num módulo temporário para obtenção de dados e informações técnicas, com duração limitada e cuja produção acumulada não deve ultrapassar percentagem definida da reserva total declarada para o campo.;glossario_anp
Propano;Hidrocarboneto saturado com três átomos de carbono e oito de hidrogênio (C3H8). É gasoso, incolor e possui cheiro característico. Inflamável à pressão e temperatura ambientes. Compõe o GLP. Empregado como combustível doméstico e como iluminante.;glossario_anp
Propano Especial;Mistura de hidrocarbonetos contendo no mínimo 90% de propano por volume e no máximo 5% de propeno por volume. RESOLUÇÃO ANP Nº 18, DE 2/9/2004;glossario_anp
Propeno;Hidrocarboneto insaturado com três átomos de carbono e seis de hidrogênio (C3H6), encontrado no estado gasoso e incolor, obtido do craqueamento de hidrocarbonetos, normalmente nafta. Serve de matéria-prima para a produção de polipropileno.;glossario_anp
Prospecto;Feição geológica mapeada como resultado de estudos geofísicos e de interpretação geológica, que justificam a perfuração de poços exploratórios para a localização de petróleo ou gás natural.;glossario_anp
Provador em Linha;Recipiente aberto ou fechado, de volume conhecido, utilizado como padrão volumétrico para calibração de medidores de petróleo. PORTARIA CONJUNTA Nº 1, DE 19/6/2000 Voltar para o alto da página – Q –;glossario_anp
Quase Acidente;Qualquer evento inesperado com potencial de risco para a segurança operacional, não causando danos à saúde humana ou ao meio ambiente. RESOLUÇÃO ANP Nº 43, DE 6/12/2007 (vide Regulamento Técnico do SGSO);glossario_anp
Querosene;Fração seguinte à gasolina e anterior ao diesel na destilação do petróleo, em que predominam compostos parafínicos destilados na faixa de 150 a 300ºC. Suas utilizações incluem: combustível para aviões (Ver Querosene de Aviação), aquecimento doméstico. iluminação (Ver Querosene Iluminante), solvente e inseticídas. Querosene de Aviação (QAV-1 ou JET A-1) Derivado de petróleo utilizado como combustível em turbinas de aeronaves. RESOLUÇÃO ANP Nº 37, DE 1/12/2009;glossario_anp
Querosene Iluminante;Utilizado, em geral, como solvente e combustível de lamparinas.;glossario_anp
Quota;Pedido mensal de gasolina automotiva e de óleo diesel aprovado pela ANP, considerados adicionais e cortes, para cada distribuidor, por ponto de fornecimento. PORTARIA ANP Nº 72, DE 26/4/2000 Voltar para o alto da página – R –;glossario_anp
Razão de Solubilidade;Relação entre o volume de gás e o volume do óleo no qual este se encontra dissolvido, nas condições de temperatura e pressão de medição.;glossario_anp
Razão Gás – Petróleo (RGO);Volume de gás produzido por volume de petróleo produzido, ambos medidos na condição padrão de medição.;glossario_anp
Receita;Receita auferida com a venda dos derivados de petróleo obtidos da atividade do refino e comercializados pelas Refinarias, no período de competência considerado, observados, quando couber, os preços de faturamento estabelecidos em ato conjunto dos Ministros de Estado da Fazenda e de Minas e Energia. PORTARIA ANP Nº 21, DE 6/2/2001;glossario_anp
Receita Assegurada;MBR (Margem Bruta de Refino) multiplicada pelo volume total de petróleo processado pelas refinarias no período de competência considerado. PORTARIA ANP Nº 21, DE 6/2/2001;glossario_anp
Receita Bruta da Produção;Receita bruta da produção deduzidos os montantes correspondentes ao pagamento de royalties, investimentos na exploração, custos operacionais, depreciações e tributos diretamente relacionados às operações do campo, que tenham sido efetivamente desembolsados, na vigência do contrato de concessão, até o momento da sua apuração, e que sejam determinados segundo regras emanadas da ANP.;glossario_anp
Receita Líquida da Produção;Receita relativa a cada campo de uma dada área de concessão, a receita bruta da produção deduzidos os montantes correspondentes ao pagamento de royalties, investimentos na exploração, custos operacionais, depreciações e tributos diretamente relacionados às operações do campo, que tenham sido efetivamente desembolsados, na vigência do contrato de concessão, até o momento da sua apuração, e que sejam determinados segundo regras emanadas da ANP.;glossario_anp
Recipiente;Recipiente criogênico estacionário construído e operado com observância do disposto no parágrafo único do Art. 1° da Portaria ANP Nº 118, DE 11.7.2000 e devidamente certificado pelo Inmetro.;glossario_anp
Recipiente Estacionário;Recipiente fixo destinado a receber GLP a granel, podendo ser enterrado, aterrado ou de superfície, com capacidade nominal superior a 250 (duzentos e cinqüenta) quilogramas de GLP, projetado e fabricado segundo norma da ABNT. RESOLUÇÃO ANP Nº 15, DE 18/5/2005;glossario_anp
Recipiente Transportável;Recipiente com capacidade nominal de até 250 (duzentos e cinqüenta) quilogramas de GLP, fabricado segundo norma da Associação Brasileira de Normas Técnicas – ABNT. RESOLUÇÃO ANP Nº 15, DE 18/5/2005;glossario_anp
Reclassificação de Poço;Processo de conferir ao poço os atributos que definem os resultados obtidos com a sua perfuração, de acordo com o disposto na Portaria ANP Nº 76 DE 2000;glossario_anp
Recuperação;Processo de extração de petróleo e gás natural através de poços produtores, utilizando-se a energia natural dos reservatórios ou introduzindo-se energia adicional através de poços injetores. PORTARIA ANP Nº 9, DE 21/1/2000;glossario_anp
Recuperação Ambiental;Processo artificial de recomposição de áreas degradadas, de acordo com as condições fixadas na legislação em vigor, com eliminação de passivos existentes e restauração das condições ambientais de modo a possibilitar outros usos do solo ou permitir a recuperação das funções dos ecossistemas impactados. RESOLUÇÃO ANP Nº 13, DE 23/2/2011;glossario_anp
Recursos;Volumes in situ de petróleo e gás natural potencialmente recuperáveis, a partir de uma determinada data. PORTARIA ANP Nº 9, DE 21/1/2000;glossario_anp
Recursos Descobertos;Volumes in situ descobertos de petróleo e gás natural que podem ser recuperados a partir de uma determinada data em diante. PORTARIA ANP Nº 9, DE 21/1/2000;glossario_anp
Recursos Não Descobertos;Volumes in situ não descobertos de petróleo e gás natural que se estimam serem passíveis de recuperação a partir de uma determinada data em diante. PORTARIA ANP Nº 9, DE 21/1/2000;glossario_anp
Recursos Originais;Recursos de petróleo e gás natural que podem ser obtidos como resultado da produção de um reservatório, a partir de suas condições originais. PORTARIA ANP Nº 9, DE 21/1/2000;glossario_anp
Refinaria de Petróleo;Unidade industrial que utiliza como matéria-prima o petróleo vindo de unidade de extração e produção de um campo, e que através de processos que incluem aquecimento, fracionamento, pressão, vácuo, reaquecimento na presença de catalisadores, gera derivados de petróleo desde os mais leves (gás de refinaria, GLP, nafta) até os mais pesados (bunker, óleo combustível), além de frações sólidas tais como coque e resíduo asfáltico.;glossario_anp
Refino ou Refinação;Conjunto de processos destinados a transformar o petróleo em derivados de petróleo.;glossario_anp
Registro da Análise da Qualidade;Documento da qualidade emitido pelo revendedor de combustível de aviação ou pelo distribuidor, quando o sistema for dedicado, o qual deve conter, no mínimo, os resultados de aparência (aspecto e cor), água não dissolvida (visual e por detector químico) e massa específica. RESOLUÇÃO ANP Nº 37, DE 1/12/2009;glossario_anp
Reinjeção;Retorno de água ou gás não-comercializado à formação produtora de origem.;glossario_anp
Relatório de Medição;Documento informando os valores medidos, o fator do medidor, os fatores de correção e o volume apurado num período de medição. Relatório Final de Avaliação de Descobertas de Petróleo ou Gás Natural (RFAD)                                                                  Documento preparado pelo Concessionário descrevendo o conjunto das operações empregadas para a avaliação da descoberta de petróleo ou gás natural, e apresentando os resultados dessa avaliação. RESOLUÇÃO ANP Nº 31, DE 9.6.2011;glossario_anp
Relatório Final de Levantamento Geoquímico;Relatório que deve ser enviado pelo Concessionário à ANP no máximo 60 dias após a finalização da amostragem e que é condição para consideração do levantamento como parte do PEM.;glossario_anp
Reprocessamento (Exploração e Produção);Novo tratamento dos dados adquiridos, realizado por meio de procedimentos novos ou diferenciados com relação aos procedimentos previamente utilizados no processamento desses dados RESOLUÇÃO ANP Nº 11, de 17/2/2011;glossario_anp
Rerrefino;Processo industrial a que são submetidos os óleos lubrificantes usados ou contaminados, com vistas à remoção de contaminantes, de produtos de degradação e de aditivos, conferindo ao produto obtido nesse processo as mesmas características do óleo lubrificante básico, sendo o produto final destinado à comercialização. PORTARIA ANP N 81, DE 30/4/1999;glossario_anp
Reservas;Recursos descobertos de petróleo e gás natural comercialmente recuperáveis a partir de uma determinada data. PORTARIA ANP Nº 9, DE 21/1/2000;glossario_anp
Reservas Desenvolvidas;Reservas de petróleo e gás natural que podem ser recuperadas através de poços existentes e quando todos os equipamentos necessários à produção já se encontram instalados. PORTARIA ANP Nº 9, DE 21/1/2000;glossario_anp
Reservas Desenvolvidas a Produzir;Reservas de petróleo e gás natural que podem vir a ser recuperadas de intervalos completados porém fechados ou de poços fechados na data da estimativa. PORTARIA ANP Nº 9, DE 21/1/2000;glossario_anp
Reservas Desenvolvidas em Produção;Reservas de petróleo e gás natural que podem ser recuperadas de intervalos completados e em produção na data da estimativa. PORTARIA ANP Nº 9, DE 21/1/2000;glossario_anp
Reservas Não Desenvolvidas;Reservas de petróleo e gás natural que podem vir a ser recuperadas através de novos poços em áreas não perfuradas, re-entrada ou recompletação de poços existentes, ou que dependam da instalação de equipamentos de produção e transporte previstos nos projetos de recuperação convencional ou melhorada. PORTARIA ANP Nº 9, DE 21/1/2000;glossario_anp
Reservas Possíveis;Reservas de petróleo e gás natural cuja análise dos dados geológicos e de engenharia indica uma maior incerteza na sua recuperação quando comparada com a estimativa de reservas prováveis. PORTARIA ANP Nº 9, DE 21/1/2000;glossario_anp
Reservas Provadas;Reservas de petróleo e gás natural que, com base na análise de dados geológicos e de engenharia, se estima recuperar comercialmente de reservatórios descobertos e avaliados, com elevado grau de certeza, e cuja estimativa considere as condições econômicas vigentes, os métodos operacionais usualmente viáveis e os regulamentos instituídos pela legislações petrolífera e tributária brasileiras. PORTARIA ANP Nº 9, DE 21/1/2000;glossario_anp
Reservas Prováveis;Reservas de petróleo e gás natural cuja análise dos dados geológicos e de engenharia indica uma maior incerteza na sua recuperação quando comparada com a estimativa de reservas provadas. PORTARIA ANP Nº 9, DE 21/1/2000;glossario_anp
Reservas Totais;Soma das reservas provadas, prováveis e possíveis.;glossario_anp
Reservatório de Gás;Todo reservatório que contém hidrocarbonetos predominantemente na fase gasosa. PORTARIA ANP Nº 9, DE 21/1/2000;glossario_anp
Reservatório de Petróleo;Todo reservatório que contém hidrocarbonetos predominantemente na fase líquida. PORTARIA ANP Nº 9, DE 21/1/2000;glossario_anp
Reservatório ou Depósito;Configuração geológica dotada de propriedades específicas, armazenadora de petróleo ou gás, associados ou não.;glossario_anp
Resíduo Atmosférico (RAT);Fração do petróleo procedente da unidade de destilação atmosférica com temperatura de destilação superior a 420ºC.;glossario_anp
Resolução de Conflito;Ato em que a ANP intermedia conflitos entre agentes atuantes nas indústrias do petróleo, gás natural e biocombustíveis, quando não houver acordo entre as partes interessadas.;glossario_anp
Retirado de Estoque Acumulado;Volume retirado do estoque de gás natural até uma determinada data. PORTARIA ANP Nº 9, DE 21/1/2000;glossario_anp
Revenda;Atividade de venda a varejo de combustíveis, lubrificantes e gás liqüefeito envasado, exercida por postos de serviços ou revendedores, na forma das leis e regulamentos aplicáveis.;glossario_anp
Revenda de GLP;Compreende a aquisição, o armazenamento, o transporte e a comercialização em recipientes transportáveis de capacidade de até 90 (noventa) quilogramas de GLP. PORTARIA ANP Nº 297, DE 18/11/2003;glossario_anp
Revendedor Independente;Revendedor autorizado pela ANP a comercializar combustíveis de aviação, podendo ter vínculo comercial com mais de um distribuidor, sem obrigatoriedade de ostentação de sua(s) marca(s) comercial(is). RESOLUÇÃO ANP Nº 18, DE 26/7/2006;glossario_anp
Revendedor Varejista;Pessoa jurídica autorizada para o exercício da atividade de revenda varejista de combustível automotivo. RESOLUÇÃO ANP Nº 12, DE 21/3/2007;glossario_anp
Revendedor Vinculado;Revendedor autorizado pela ANP a comercializar combustíveis de aviação, que guarde vínculo comercial com um único distribuidor do qual ostente sua marca comercial. RESOLUÇÃO ANP Nº 18, DE 26/7/2006;glossario_anp
Reversão de Bens;Ato de transferir à propriedade da União e à administração da ANP um bem que teve como propósito original a exploração de petróleo ou gás natural. RESOLUÇÃO ANP Nº 13, DE 23/2/2011;glossario_anp
Rocha – Reservatório;Corpo de rochas permo-porosas, estratigraficamente definido e correlacionável. corpo de rochas permo-porosas, estratigraficamente definido e correlacionável. PORTARIA ANP Nº 9, DE 21/1/2000;glossario_anp
Rodada de Licitações;Licitações de âmbito internacional efetuadas pela ANP, e destinadas à outorga, aos respectivos licitantes vencedores, de concessões para exploração e produção de petróleo e gás natural.;glossario_anp
Rodada Zero;Designa a assinatura, entre a ANP e a Petrobrás, nos termos do Art. 34 da Lei do Petróleo, na data de 6 de agosto de 1998, de 397 contratos de concessão de blocos que já se encontravam em fase de exploração, desenvolvimento ou produção pela estatal, na data da promulgação da Lei do Petróleo.;glossario_anp
Royalties;Compensação financeira devida pelos concessionários, paga mensalmente, com relação a cada campo, a partir do mês em que ocorrer a respectiva data de início da produção, sendo distribuída entre estados, municípios, Comando da Marinha do Brasil, Ministério da Ciência e Tecnologia e um Fundo Especial, administrado pelo Ministério da Fazenda.;glossario_anp
Ver Razão de Solubilidade;Voltar para o alto da página – S –;glossario_anp
Saldo de Quota;Volume não recebido ou não retirado pelo distribuidor. PORTARIA ANP Nº 72, DE 26/4/2000;glossario_anp
Segurança Operacional;Prevenção, mitigação e resposta a eventos que possam causar acidentes que coloquem em risco a vida humana ou o meio ambiente, em instalações marítimas de perfuração e produção de petróleo e gás natural, através da adoção de um sistema de gestão que assegure a integridade das Instalações durante todo o seu ciclo de vida. RESOLUÇÃO ANP Nº 43, DE 6/12/2007 (vide Regulamento Técnico do SGSO);glossario_anp
Serviço de Transporte Firme (STF);Serviço de transporte no qual o Transportador se obriga a programar e transportar o volume diário de gás natural solicitado pelo carregador, até a capacidade contratada de transporte estabelecida no contrato com o carregador. RESOLUÇÃO ANP Nº 27, DE 14/10/2005;glossario_anp
Serviço de Transporte Interruptível (STI);Serviço de transporte o qual poderá ser interrompido pelo transportador, dada a prioridade de programação do Serviço de Transporte Firme. RESOLUÇÃO ANP Nº 27, DE 14/10/2005;glossario_anp
Sigep;Ver Sistema de Informações Gerenciais de Exploração e Produção;glossario_anp
Sigla de um Campo;Identificação simplificada do nome do campo, de acordo com cada concessionário. PORTARIA ANP Nº 123, DE 18/7/2000;glossario_anp
Simp;Ver Sistema de Informações de Movimentação de Produtos;glossario_anp
Sistema de Calibração;Sistema composto de um medidor padrão de trabalho (ou medida materializada de volume) e de dispositivos auxiliares e/ou adicionais, necessários para executar as operações de calibração de um medidor em operação, já incorporado a um sistema de medição. Sistema de Informações de Movimentação de Produtos Sistema que tem por objetivo a monitoração, de forma integrada, dos dados de produção e movimentação de produtos regulados pela ANP na indústria do petróleo, do gás natural e dos biocombustíveis. Os agentes regulados pela ANP , em atendimento às exigências da Resolução ANP 17 de 01/9/2004, ficam obrigados a enviar à ANP informações mensais sobre as suas atividades. RESOLUÇÃO ANP Nº 17 DE 1/9/2004 Sistema de Informações Gerenciais de Exploração e Produção (Sigep) Base de dados responsável pelo controle dos estudos geológicos, atividades exploratórias e controle da produção de petróleo e gás natural, além do licenciamento ambiental. Este sistema e todos os seus dados pertencem à ANP – Agência Nacional do Petróleo, Gás Natural e Biocombustíveis e devem ser usados e alterados em conformidade com as regulamentações adequadas.;glossario_anp
Sistema de Produção;Conjunto de instalações destinadas a promover a coleta, a separação, tratamento, estocagem e escoamento dos fluidos produzidos e movimentados em um campo de petróleo ou gás natural. RESOLUÇÃO ANP Nº 27, DE 18/10/2006;glossario_anp
Sistema de Produção Marítimo;Sistema de produção instalado no mar. RESOLUÇÃO ANP Nº 27, DE 18/10/2006;glossario_anp
Sistema Supervisório;Sistema central que consolida as informações do campo de produção de petróleo ou gás natural de um campo automatizado e a partir do qual se tem todo o controle operacional do processo de produção, como, por exemplo, abertura e fechamento de válvulas, de poços, visualização de temperatura, pressão, vazão etc.;glossario_anp
Solo Contaminado;Solo impregnado com petróleo ou derivados ou com outras substâncias consideradas poluentes, utilizadas ou geradas na atividade petrolífera, em teores acima do permitido pelas normas ambientais ou estipulados pelo órgão ao qual compete o controle ambiental da atividade. RESOLUÇÃO ANP Nº 27, DE 18/10/2006;glossario_anp
Solvente;Produto líquido derivado de frações resultantes do processamento de petróleo, de gás natural, de frações de refinarias e de indústrias petroquímicas, capazes de serem utilizados como dissolventes de substâncias sólidas e/ou líquidas, puro ou em mistura, cuja faixa de destilação tenha seu ponto inicial superior a 25ºC e ponto final inferior a 280ºC, com exceção de qualquer tipo de gasolina, querosene ou diesel especificados pela ANP. PORTARIA ANP Nº 318, DE 27/12/2001;glossario_anp
Ver Cotação Spot;Voltar para o alto da página – T –;glossario_anp
Tabela Volumétrica;Tabela indicando o volume contido em um tanque para cada nível de enchimento, sendo esta parte integrante do Certificado de Arqueação de tanque emitido pelo Inmetro.;glossario_anp
Tanque de Armazenamento;Reservatório especialmente construído para acumulação de petróleo ou seus derivados.;glossario_anp
Tanque de Calibração;Medida materializada de volume utilizada como padrão volumétrico para calibração de medidores.;glossario_anp
Tanque Recebedor;Tanque do terminal que receberá o produto importado. PORTARIA ANP Nº 311, DE 27/12/2001;glossario_anp
Tanques Identificados para Descarga;Tanques do modal do transporte que serão descarregados no terminal. PORTARIA ANP Nº 311, DE 27/12/2001;glossario_anp
Tarifa Compartilhada;Tarifa de transporte calculada com base nos custos e investimentos relacionados à capacidade existente somados aos custos e investimentos relacionados à capacidade resultante de expansão. RESOLUÇÃO ANP Nº 27, DE 14/10/2005;glossario_anp
Tarifa Incremental;Tarifa de transporte calculada com base nos custos e investimentos relacionados exclusivamente à capacidade resultante de expansão. RESOLUÇÃO ANP Nº 27, DE 14/10/2005;glossario_anp
Tecnologias de Aquisição de Dados;Técnicas, conhecimentos e métodos usados na aquisição de dados. RESOLUÇÃO ANP Nº 11, de 17/2/2011;glossario_anp
Tep;Sigla de “tonelada equivalente de petróleo”. Unidade de medida de energia equivalente, por convenção, a 10.000 Mcal.;glossario_anp
Terceiro Interessado;Pessoa jurídica que solicita, formalmente, ao operador, serviços de movimentação de produtos pelo terminal. PORTARIA ANP Nº 10, DE 30/1/2002;glossario_anp
Terminal;Conjunto de instalações utilizadas para o recebimento, expedição e armazenagem de produtos da indústria do petróleo. Pode ser classificado como marítimo, fluvial, lacustre ou terrestre.;glossario_anp
Terminal de Carregamento;Local de carregamento do produto, no país de origem. PORTARIA ANP Nº 311, DE 27/12/2001;glossario_anp
Terminal de Descarga;Local, no território nacional, de descarga do produto importado. PORTARIA ANP Nº 311, DE 27/12/2001;glossario_anp
Teste de Longa Duração (TLD);Testes de poço, realizados durante a Fase de Exploração, com a finalidade exclusiva de obtenção de dados e informações para conhecimento dos reservatórios, com tempo total de fluxo superior a 72 horas. PORTARIA ANP Nº 123, DE 18/7/2000;glossario_anp
Transdutor de Medição;Dispositivo que fornece uma grandeza de saída que tem uma correlação determinada com a grandeza de entrada. O transdutor de medição inclui um sensor de fluxo ou volume.;glossario_anp
Transferência;Movimentação de petróleo, seus derivados, biocombustíveis ou gás natural em meio ou percurso considerado de interesse específico e exclusivo do proprietário ou explorador das facilidades.;glossario_anp
Transferência de Pedido;Deslocamento parcial de volume de gasolina automotiva e de óleo diesel entre pontos de fornecimento, observada a quota do distribuidor. PORTARIA ANP Nº 72, DE 26/4/2000;glossario_anp
Transportador;Pessoa jurídica autorizada pela ANP a operar as instalações de transporte. PORTARIA ANP Nº 104, DE 8/7/2002;glossario_anp
Transportador Proprietário;Pessoa jurídica que opera e detém a propriedade das Instalações de Transporte. PORTARIA ANP Nº 115, DE 5/7/2000;glossario_anp
Transportador-revendedor-retalhista (TRR);Pessoa jurídica autorizada para o exercício da atividade de transporte e revenda retalhista de combustíveis, exceto gasolinas automotivas, gás liquefeito de petróleo (GLP), combustíveis de aviação e álcool combustível. RESOLUÇÃO ANP Nº 12, DE 21/3/2007 e RESOLUÇÃO Nº 8, DE 6/3/2007;glossario_anp
Transporte;Movimentação de petróleo, seus derivados, biocombustível ou gás natural em meio ou percurso considerado de interesse geral.;glossario_anp
LEI Nº 12.490, DE 16/09/2011.;Tratamento ou Processamento de Gás Natural Conjunto de operações destinadas a permitir o seu transporte, distribuição e utilização.;glossario_anp
Tubo-padrão (Provador);Medida materializada de volume, constituída de um tubo ou cilindro, de volume conhecido, utilizado como padrão volumétrico para calibração de medidores. Voltar para o alto da página – U –;glossario_anp
UAPO;Ver Unidade de Ajuste do Ponto de Orvalho;glossario_anp
UECD;Ver Unidade de Estabilização de Condensado e Diesel;glossario_anp
UFL;Ver Unidade de Fracionamento de Líquidos de Gás Natural;glossario_anp
UGN;Ver Unidade de Processamento de Gás Natural. Unidade de Abastecimento de Aeronaves (UAA) Denominação dos equipamentos de abastecimento de aeronaves, como CTA, servidor de hidrante, carreta de hidrante e gabinete. RESOLUÇÃO ANP Nº 18, DE 26/7/2006 Unidade de Ajuste do Ponto de Orvalho Unidade que emprega processos físicos para a remoção de umidade e hidrocarbonetos mais pesados encontrados no gás natural oriundo dos campos de produção.;glossario_anp
Unidade de Compressão de GNC;Conjunto de instalações fixas que comprime o Gás Natural, disponibilizando-o para o carregamento / enchimento de Veículos Transportadores de GNC, inclusive aquelas instaladas em Postos Revendedores Varejistas devidamente autorizados pela ANP, que tenham atendido todas as normas e regulamentos técnicos e de segurança aplicáveis e que possuam área física e sistemas de medição exclusivos para tal fim. RESOLUÇÃO ANP Nº 41, DE 5/12/2007 Unidade de Estabilização de Condensado e Diesel (UECD) Instalação industrial que objetiva aproveitar uma mistura de condensado e petróleo para a produção de óleo diesel e nafta. Unidade de Fracionamento de Líquidos de Gás Natural (UFL) Instalação industrial que objetiva separar o LGN obtido na URL em correntes contendo etano, propano, GLP e C5+. Unidade de Processamento de Condensados de Gás Natural (UPCGN) Instalação industrial que objetiva separar as frações leves existentes no condensado do gás natural produzido nos dutos que transportam o gás do mar para a terra, ou nas URGNs. Estas instalações são compostas de Unidades de Fracionamento de Líquidos de Gás Natural (UFL), gerando propano, butano, GLP e C5+. Unidade de Processamento de Gás Natural (UPGN) Instalação industrial que objetiva realizar a separação das frações pesadas (propano e mais pesados) existentes no gás natural, do metano e etano, gerando GLP e gasolina natural (C5+). Unidade de Produção (Exploração e Produção) Conjunto de instalações destinadas a promover a separação, tratamento, estocagem e escoamento dos fluidos produzidos e movimentados num campo de petróleo e gás natural. PORTARIA ANP Nº 90, DE 31/5/2000;glossario_anp
Unidade de Produção Marítima;Unidade de produção instalada no mar, podendo ser fixa ou flutuante. PORTARIA ANP Nº 90, DE 31/5/2000;glossario_anp
Unidade de Produção Terrestre;Unidade de produção localizada em terra, também denominada de estação coletora. PORTARIA ANP Nº 90, DE 31/5/2000 Unidade de Recuperação de Gás Natural (URGN) Unidade de Recuperação de Gás Natural – Instalação industrial que objetiva separar o metano e o etano das frações mais pesadas, contendo C3+ na forma de líquido (LGN). Unidade de Recuperação de Líquidos de Gás Natural (URL) Instalação industrial que visa separar o metano das frações mais pesadas, contendo C2+ na forma de líquido (LGN).;glossario_anp
UPCGN;Ver Unidade de Processamento de Condensados de Gás Natural.;glossario_anp
UPGN;Ver Unidade de Processamento de Gás Natural.;glossario_anp
URGN;Ver Unidade de Recuperação de Gás Natural;glossario_anp
URL;Ver Unidade de Recuperação de Líquidos de Gás Natural.;glossario_anp
Utilização do Gás Natural;Qualquer uso do gás natural nas atividades industrial, comercial, institucional, residencial ou automotiva. PORTARIA ANP Nº 249, DE 1/11/2000 . Voltar para o alto da página – V –;glossario_anp
Vazão de Teste de Poço;Volume total de produção de um poço, durante um teste, dividido pelo tempo, em horas, de duração do mesmo. PORTARIA CONJUNTA Nº 1, DE 19/6/2000;glossario_anp
Vazão Usual de Operação;Vazão média, avaliada no período desde a última calibração do sistema de medição ou o último teste de poço até a data de avaliação. No cálculo da vazão média não devem ser considerados os períodos em que não houve fluxo.;glossario_anp
Veículo Transportador de GNL;Veículo que dispõe de tanque criogênico, especialmente projetado e utilizado para o transporte e transvasamento de GNL, construído e operado com observância do disposto no Parágrafo único do Art. 1° da Portaria ANP Nº 118, de 11/7/2000 e devidamente certificado pelo Inmetro;glossario_anp
Veículo Transportador de GNC;veículo utilizado para o transporte de gás natural comprimido, construído e operado com observância do disposto no § 2º do Art. 1º da Resolução ANP nº 41, de 5/12/2007, devidamente inspecionado pelo Inmetro e que atenda, ainda, as diretrizes estabelecidas pelo Ministério dos Transportes para a movimentação de produtos perigosos. RESOLUÇÃO ANP Nº 41, DE 5/12/2007;glossario_anp
Verificação Metrológica;Procedimento que compreende o exame, a marcação e/ou a emissão de um certificado de verificação, que constate e confirme que um instrumento de medição (ou um sistema de medição) ou uma medida materializada de volume satisfaz às exigências regulamentares.;glossario_anp
Volume Bruto Corrigido (em linha);Volume corrigido pelo fator do medidor e convertido para as condições de base.;glossario_anp
Volume Bruto Corrigido (em tanque);Volume bruto de petróleo (descontada a água livre) corrigido pelos fatores de dilatação térmica da parede do tanque e para as condições de base.;glossario_anp
Volume Bruto Observado (em tanque);Volume nas condições de operação e determinado a partir do nível de petróleo medido no tanque e tabela de arqueação sem qualquer fator de correção. Este volume inclui o volume de água livre, sedimentos e água emulsionados.;glossario_anp
Volume de Petróleo Equivalente;Volume de petróleo, expresso em metros cúbicos, que, na condição padrão de medição, contém a mesma quantidade de energia que um dado volume de petróleo e gás natural, quantidade de energia esta calculada com base nos poderes caloríficos superiores do petróleo e do gás natural, sendo que, para campos onde ocorra somente a produção de gás natural, deverá ser adotado o valor de quarenta mil megajoule por metro cúbico para o poder calorífico superior do petróleo, na determinação do respectivo volume de petróleo equivalente.;glossario_anp
Volume de Produção Fiscalizada;Soma das quantidades de petróleo ou de gás natural, relativas a cada campo, expressas nas unidades métricas de volume adotadas pela ANP, que tenham sido efetivamente medidas nos respectivos pontos de medição da produção, sujeitas às correções técnicas estabelecidas no DECRETO Nº 2.705, DE 3/8/1998;glossario_anp
Volume in situ;Volume de petróleo ou gás natural, apurado em uma determinada data, contido em reservatórios descobertos ou de existência inferida com base em critérios geológicos e estatísticos. PORTARIA ANP Nº 9, DE 21/1/2000;glossario_anp
Volume in situ Descoberto;Volume de petróleo ou gás natural, apurado em uma determinada data, contido em reservatórios cuja existência seja comprovada pela perfuração de poços e avaliados através de testes de formação ou em reservatórios que possam ser avaliados por correlações de perfis ou análise de testemunhos em reservatórios vizinhos e/ou geologicamente análogos. PORTARIA ANP Nº 9, DE 21/1/2000;glossario_anp
Volume in situ Não Descoberto;Volume de petróleo e gás natural, apurado em uma determinada data, que se estima existir em acumulações não descobertas de bacias ainda não produtoras ou em áreas inexploradas de bacias produtoras, inferido com base em critérios geológicos e estatísticos na época da avaliação. PORTARIA ANP Nº 9, DE 21/1/2000;glossario_anp
Volume in situ Original;Volume in situ originalmente contido no reservatório, antes de qualquer produção de petróleo ou gás natural.;glossario_anp
Ver também Volume in situ.;PORTARIA ANP Nº 9, DE 21/1/2000;glossario_anp
Volume Líquido de Petróleo;Volume bruto corrigido (para a condição de base), descontado o volume de água e sedimentos emulsionados no petróleo mensurado.;glossario_anp
Volume Registrado;Variação no registro do dispositivo registrador de um medidor, entre o início e o fim de uma medição.;glossario_anp
Volume Total da Produção;"Soma de todas e quaisquer quantidades de petróleo ou de gás natural, extraídas em cada mês de cada campo, expressas nas unidades métricas de volume adotadas pela ANP, incluídas as quantidades de petróleo ou gás natural perdidas sob a responsabilidade do concessionário; as quantidades de petróleo ou gás natural utilizadas na execução das operações no próprio campo e as quantidades de gás natural queimadas em flares em prejuízo de sua comercialização, e excluídas apenas as quantidades de gás natural reinjetadas na jazida e as quantidades de gás natural queimadas em flares , por razões de segurança ou de comprovada necessidade operacional, desde que esta queima seja de quantidades razoáveis e compatíveis com as práticas usuais da indústria do petróleo e que seja previamente aprovada pela ANP, ou posteriormente perante ela justifícada pelo concessionário, por escrito e até quarenta e oito horas após a sua ocorrência.";glossario_anp
DECRETO Nº 2.705, DE 3/8/1998;. Voltar para o alto da página – W –;glossario_anp
West Texas Intermediate (WTI);Petróleo com grau API entre 38º e 40º e aproximadamente 0,3% de enxofre, cuja cotação diária no mercado spot reflete o preço dos barris entregues em Cushing, Oklahoma, nos EUA.;glossario_anp
Ver West Texas Intermediate;. Voltar para o alto da página – X –;glossario_anp
Xisto;Xisto betuminoso é uma rocha sedimentar, normalmente argilosa, muito rica em matéria orgânica (querogênio). Quando submetido a temperaturas elevadas, o xisto betuminoso libera óleo, água e gás, e deixa um resíduo sólido contendo carbono. . Voltar para o alto da página – Z –;glossario_anp
Zona;Camada ou conjunto de camadas correlacionáveis dentro de uma mesma unidade estratigráfica, contendo petróleo, gás ou água. PORTARIA ANP Nº 9, DE 21/1/2000;glossario_anp
Zona de Entrega;Área geográfica limitada, correspondente à região objeto de concessão estadual de distribuição de gás canalizado. RESOLUÇÃO ANP Nº 27, DE 14/10/2005;glossario_anp
Zona de Recepção;Área geográfica limitada, contendo um ou mais pontos de ´recepção. RESOLUÇÃO ANP Nº 27, DE 14/10/2005;glossario_anp
AEAC;Álcool Etílico Anidro Combustível. Ver Etanol Anidro Combustível.;glossario_anuario_petroleo
AEHC;Álcool Etílico Hidratado Combustível. Ver Etanol Hidratado Combustível.;glossario_anuario_petroleo
Agência Nacional do Petróleo, Gás Natural e Biocombustíveis (ANP);autarquia especial prevista na Lei n° 9.478/1997 e criada pelo Decreto n° 2.455/1998. Vinculada ao Ministério de Minas e Energia, tem como atribuições promover a regulação, a contratação e a fiscalização das atividades econômicas integrantes das indústrias do petróleo, do gás natural e dos biocombustíveis.;glossario_anuario_petroleo
Água de Injeção;água injetada em reservatório, com o objetivo de forçar a saída do petróleo da rocha reservatório, deslocando-o para um poço produtor. Este método é conhecido como “recuperação secundária”, e é empregado quando a pressão do poço torna-se insuficiente para expulsar naturalmente o petróleo.;glossario_anuario_petroleo
Aguarrás;produto obtido pelo processo de destilação atmosférica de petróleo, com intervalo de temperatura típica (150-210 ºC), classificado numa faixa de destilação intermediária entre a nafta pesada e o querosene. Utilizado como solvente e na fabricação de ceras, graxas e tintas.;glossario_anuario_petroleo
Álcool Etílico;ver Etanol.;glossario_anuario_petroleo
Álcool Etílico Anidro Combustível (AEAC);ver Etanol Anidro Combustível (EAC).;glossario_anuario_petroleo
Álcool Etílico Hidratado Combustível (AEHC);ver Etanol Hidratado Combustível (EHC).;glossario_anuario_petroleo
Álcool Metílico;ver Metanol.;glossario_anuario_petroleo
API;ver Grau API.;glossario_anuario_petroleo
Área do Pré-sal;região do subsolo formada por um prisma vertical de profundidade indeterminada, com superfície poligonal definida pelas coordenadas geográficas de seus vértices estabelecidas no Anexo da Lei nº 12.351/2010, bem como outras regiões que venham a ser delimitadas em ato do Poder Executivo, de acordo com a evolução do conhecimento geológico.;glossario_anuario_petroleo
Asfalto;material de cor escura e consistência sólida ou semissólida derivado de petróleo, composto de mistura de hidrocarbonetos pesados, onde os constituintes predominantes são os betumes, incluindo os materiais betuminosos. Resolução ANP n° 2/2005.;glossario_anuario_petroleo
Autorização;ato administrativo unilateral e discricionário pelo qual a ANP, como órgão regulador das indústrias do petróleo, do gás natural e dos biocombustíveis, possibilita à empresa constituída sob as leis brasileiras, com sede e administração no Brasil, na forma estabelecida na legislação vigente, o exercício de atividades econômicas integrantes das 1;glossario_anuario_petroleo
Bacia Sedimentar;depressão da crosta terrestre onde se acumulam rochas sedimentares que podem ser portadoras de petróleo ou gás, associados ou não. Lei nº 9.478/1997.;glossario_anuario_petroleo
Bandeira;é a marca do distribuidor de combustíveis. Se firmar contrato de exclusividade com um distribuidor, o posto revendedor terá a obrigação de exibir a marca.;glossario_anuario_petroleo
Bandeira Branca;é o posto que não firmou contrato de exclusividade com nenhuma distribuidora e pode revender combustíveis de qualquer fornecedor, desde que identifique claramente para o consumidor a origem do produto, conforme determinação da ANP.;glossario_anuario_petroleo
Barril;unidade de padrão de volume que, para o caso específico do petróleo, equivale a 42 galões americanos ou 158,9873 litros. Símbolo = bbl. Uso tolerado apenas para medir volume de petróleo.;glossario_anuario_petroleo
Barris por Dia do Calendário;número máximo de barris que podem ser processados durante um período de 24 horas, após descontados os períodos de paradas para manutenções e problemas mecânicos. A capacidade expressa em barris por dia do calendário é equivalente àquela calculada pela capacidade nominal corrigida por um fator de operação médio de 95%.;glossario_anuario_petroleo
Base Compartilhada;instalação autorizada a operar pela ANP, cuja posse (por aquisição ou arrendamento) seja de mais de um agente autorizado ao exercício da atividade de distribuição de combustíveis líquidos da pessoa jurídica. Resolução ANP nº 58/2014. bbl: ver barril.;glossario_anuario_petroleo
Biocombustível;Substância derivada de biomassa renovável, tal como biodiesel, etanol e outras substâncias estabelecidas em regulamento da ANP, que pode ser empregada diretamente ou mediante alterações em motores a combustão interna ou para outro tipo de geração de energia, podendo substituir parcial ou totalmente combustíveis de origem fóssil.;glossario_anuario_petroleo
Biodiesel;combustível composto de alquil ésteres de ácidos carboxílicos de cadeia longa, produzido a partir da transesterificação e/ou esterificação de matérias graxas, de gorduras de origem vegetal ou animal, e que atenda a especificação contida no Regulamento Técnico da Resolução ANP nº 45/2014.;glossario_anuario_petroleo
Biodiesel (B100);ver Biodiesel.;glossario_anuario_petroleo
Bloco;parte de uma bacia sedimentar, formada por um prisma vertical de profundidade indeterminada, com superfície poligonal definida pelas coordenadas geográficas de seus vértices, onde se desenvolvem atividades de exploração ou produção de petróleo e gás natural. Lei n° 9.478/1997. 2;glossario_anuario_petroleo
Bônus de Assinatura;O bônus de assinatura corresponde ao montante, em reais (R$), a ser pago pela licitante vencedora no prazo estabelecido pela ANP, como condição para assinatura do contrato da área em oferta. Nas licitações de partilha o valor é fixo e nas de concessão é definido pelas ofertantes a partir de um valor mínimo estabelecido em edital.;glossario_anuario_petroleo
Brent;"vide Brent Dated; vide Petróleo Brent.";glossario_anuario_petroleo
Brent Dated;cotação publicada diariamente pela Platts Crude Oil Marketwire, que reflete o preço de cargas físicas do petróleo Brent embarcadas de 7 (sete) a 17 (dezessete) dias após a data da cotação, no terminal de Sullom Voe, na Grã-Bretanha. Portaria ANP n° 206/2000.;glossario_anuario_petroleo
BTU;sigla de British thermal unit. Unidade inglesa de medida de energia térmica, equivalente a 1.055056 x 10³ J. Símbolo = Btu. Um Btu é definido como a quantidade de energia necessária para elevar a temperatura de uma libra de água de 39 ºF para 40 ºF.;glossario_anuario_petroleo
Bunker;também conhecido como marine fuel, é o combustível utilizado para abastecimento de navios.;glossario_anuario_petroleo
Butano;"hidrocarboneto saturado com quatro átomos de carbono e dez átomos de hidrogênio (C H ), encontrado no estado gasoso incolor, com odor de gás natural. Compõe o GLP, 4 10 sendo empregado como combustível doméstico; como iluminante; como fonte de calor industrial em caldeiras, fornalhas e secadores; e para corte de metais e aerossóis.";glossario_anuario_petroleo
C +;ver Gasolina Natural. 5;glossario_anuario_petroleo
Cabotagem;ver Navegação de Cabotagem.;glossario_anuario_petroleo
Caloria;unidade de energia igual ao calor requerido para elevar a temperatura de 1g de água de 14,5 ºC para 15,5 ºC sob pressão de 1 atmosfera.;glossario_anuario_petroleo
Campo;ver Campo de Petróleo ou de Gás Natural.;glossario_anuario_petroleo
Campo de Petróleo ou de Gás Natural;área produtora de petróleo ou gás natural, a partir de um reservatório contínuo ou de mais de um reservatório, a profundidades variáveis, abrangendo instalações e equipamentos destinados à produção. Lei nº 9.478/1997.;glossario_anuario_petroleo
Capacidade Nominal;capacidade de processamento para a qual uma planta industrial é projetada.;glossario_anuario_petroleo
Capacidade Operacional por Dia de Operação;máximo volume de carga que uma unidade de destilação primária pode processar em um período de 24 horas, quando operando a plena capacidade, sob condições otimizadas e estáveis de matéria-prima, produtos e unidades a jusante, sem previsão de parada para manutenção em nenhum dos componentes do esquema de produção da refinaria. É expressa em m³/d de operação ou b/d de operação.;glossario_anuario_petroleo
Capacidade Operacional por Calendário-dia;máximo volume de carga, expresso em um período de 24 horas, que a unidade de destilação primária pode processar, sob condições 3;glossario_anuario_petroleo
Categoria (Poço);parte do nome do poço que o define segundo sua finalidade. Resolução ANP nº 71/2014.;glossario_anuario_petroleo
CBIO;ver Crédito de Descarbonização.;glossario_anuario_petroleo
Central de Distribuição de GNL;área devidamente delimitada, que contém os recipientes destinados ao recebimento, armazenamento e transvasamento de GNL, construída e operada de acordo com as normas internacionalmente adotadas. Portaria ANP n° 118/2000.;glossario_anuario_petroleo
Central Petroquímica;instalação industrial que processa condensado, gás natural e seus derivados, nafta petroquímica ou outros insumos, para produzir derivados de petróleo e gás natural, predominantemente matérias-primas para a indústria química. Resolução ANP nº 852/2021.;glossario_anuario_petroleo
Cide (Contribuição de Intervenção no Domínio Econômico);tributo previsto constitucionalmente, de competência exclusiva da União. Foi instituído por meio da Lei nº 10.336/2001, e incide sobre a importação e a comercialização de petróleo e seus derivados, gás natural e seus derivados e etanol combustível. Lei n° 10.336/2001 e Lei n° 10.866/2004.;glossario_anuario_petroleo
CIF;sigla da expressão em inglês Cost, Insurance and Freight. Todos os custos, seguro e frete pagos pelo vendedor, que entrega as mercadorias, desembaraçadas pela exportação, quando elas transpõem a amurada do navio no porto de embarque. O risco de perda e de custos adicionais é do comprador.;glossario_anuario_petroleo
City Gate;local físico onde se dá o recebimento, a medição e a distribuição local de gás natural.;glossario_anuario_petroleo
CO (Gás Carbônico);dióxido de carbono, composto por um átomo de carbono e dois 2 átomos de oxigênio. Recuperado do gás de síntese na produção de amônia, de gases de chaminé (produto de combustão), e como subproduto do craqueamento de hidrocarbonetos e da fermentação de carboidratos. Usado principalmente na fabricação de gelo seco e de bebidas carbonatadas, em extintores de incêndio, na produção de atmosfera inerte e como desemulsificante na recuperação terciária de petróleo.;glossario_anuario_petroleo
Combustível;produto utilizado com a finalidade de gerar energia diretamente a partir de sua queima ou pela sua transformação em outros produtos também combustíveis. São exemplos de combustíveis: gás natural, gás liquefeito de petróleo (GLP), gasolina, óleo diesel, querosene de aviação, óleo combustível, etanol combustível, biodiesel e suas misturas com óleo diesel.;glossario_anuario_petroleo
Concessão;a concessão é uma modalidade de delegação de uma atividade econômica pelo poder público, geralmente mediante processo concorrencial, a um agente econômico que 4;glossario_anuario_petroleo
Concessionário;cessionário ou empresa signatária de contratos firmados com a União, por intermédio da ANP ou do Ministério das Minas e Energia - MME, para fins de exploração, desenvolvimento e produção de petróleo e gás natural. Resolução ANP nº 47/2012.;glossario_anuario_petroleo
Condensado;fração líquida do gás natural obtida no processo primário de separação de campo, mantido na fase líquida na condição de pressão e temperatura de separação.;glossario_anuario_petroleo
Consumo Aparente;soma das parcelas referentes à produção e à importação menos o volume exportado.;glossario_anuario_petroleo
Consumo Interno;ver Consumo Próprio.;glossario_anuario_petroleo
Consumo Próprio;parcela de derivados de petróleo, gás seco, gás úmido, gás natural ou biocombustíveis consumidos pela própria unidade de produção ou refino/processamento.;glossario_anuario_petroleo
Coque;combustível derivado da aglomeração de carvão, e que consiste de matéria mineral e carbono, fundidos juntos. O coque é cinza, duro e poroso, e como combustível é praticamente isento de fumaça. Ocorre na natureza, mas a maioria é produzida industrialmente. Resíduo sólido e coeso restante da destilação destrutiva de carvão, petróleo ou outros resíduos carbonáceos e contendo, principalmente, carbono.;glossario_anuario_petroleo
Coque de Petróleo;ver Coque.;glossario_anuario_petroleo
Corrente de Hidrocarbonetos (Petróleo ou Gás Natural);denominação conferida a determinado tipo de hidrocarboneto, com características físico-químicas próprias, formado pela mistura de hidrocarbonetos oriundos da produção de diferentes campos. Pode ocorrer um caso particular em que a corrente seja composta por hidrocarbonetos provenientes de um único campo. Resolução Conjunta ANP/Inmetro nº 1/2013.;glossario_anuario_petroleo
Cotação Spot;ver Mercado Spot.;glossario_anuario_petroleo
CPQ;ver Central Petroquímica.;glossario_anuario_petroleo
Craqueamento;processo pelo qual os hidrocarbonetos pesados são quebrados em compostos mais leves, pela ação do calor e/ou outros agentes.;glossario_anuario_petroleo
Crédito de Descarbonização (CBIO);ativo ambiental, equivalente a 1 tonelada de CO 2 evitada, que pode ser gerado quando produtores e importadores de biocombustíveis certificados comercializam seu produto no mercado interno, de acordo com o fator de geração de CBIO e o volume comercializado de biocombustíveis. Os CBIOs gerados são escriturados por instituições financeiras contratadas pelos produtores e importadores e colocados à venda na bolsa de valores brasileira, a B3. Por outro lado, os distribuidores terão que aposentar 5;glossario_anuario_petroleo
Dados de Fomento;dados técnicos adquiridos pela ANP, outro órgão governamental, universidades ou instituições de pesquisa, com a finalidade de promover o conhecimento e o desenvolvimento das bacias sedimentares brasileiras. Resolução ANP nº 757/2018.;glossario_anuario_petroleo
Dados de Poços;quaisquer dados técnicos adquiridos em um poço, tais como: perfilagens geológicas ou geofísicas, perfis sísmicos verticais, análises geoquímicas ou de produção. Resolução ANP nº 757/2018.;glossario_anuario_petroleo
Dados Exclusivos;dados técnicos obtidos pelo concessionário, contratado ou cessionário nos limites de suas áreas contratadas, por meios próprios ou mediante contratação de empresa de aquisição de dado. Resolução ANP nº 757/2018.;glossario_anuario_petroleo
Dados Não Exclusivos;dados técnicos obtidos por empresa de aquisição de dados para fins de comercialização. Resolução ANP nº 757/2018.;glossario_anuario_petroleo
Dados Públicos;todos os dados técnicos que não se encontram em período de sigilo. Resolução ANP nº 757/2018.;glossario_anuario_petroleo
Dados Técnicos;quaisquer registros qualitativos ou quantitativos obtidos por meio de observação ou medição das propriedades de amostras, de poços, de áreas ou de seções em superfície ou subsuperfície e as amostras e subprodutos das bacias, sedimentares ou de seu embasamento. Resolução ANP nº 757/2018.;glossario_anuario_petroleo
Demonstrativo de Produção e Movimentação de Produtos (DPMP);arquivo eletrônico por meio do qual os agentes regulados informam mensalmente à ANP suas atividades de produção, distribuição e consumo. Resolução ANP nº 729/2018.;glossario_anuario_petroleo
Derivados de Petróleo;produtos decorrentes da transformação do petróleo. Lei n° 9.478/1997 e Resolução ANP nº 5/2014.;glossario_anuario_petroleo
Derivados Energéticos de Petróleo;derivados de petróleo utilizados predominantemente como combustíveis, isto é, com a finalidade de liberar energia, luz ou ambos, a partir de sua queima. Esta denominação abrange os seguintes derivados: GLP, gasolina A, gasolina de aviação, querosene iluminante, QAV, óleo diesel, óleo combustível e coque.;glossario_anuario_petroleo
Derivados Não Energéticos de Petróleo;derivados de petróleo que, embora tenham significativo conteúdo energético, são utilizados para fins não energéticos. Esta denominação abrange os seguintes derivados: graxas, lubrificantes, parafinas, asfaltos, solventes, coque, nafta, extrato aromático, gasóleo de vácuo, óleo leve de reciclo, resíduo atmosférico (RAT), diluentes, n-parafinas, outros óleos de petróleo, minerais betuminosos, bem como outros produtos de menor importância.;glossario_anuario_petroleo
Devolução de Área;ato de devolver à União uma parte ou a totalidade de uma área sob contrato. Resolução ANP nº 817/2020. 6;glossario_anuario_petroleo
Dew Point;ver ponto de orvalho.;glossario_anuario_petroleo
Dew Point Plant (DPP);ver Unidade de Processamento de Gás Natural.;glossario_anuario_petroleo
Diesel;ver Óleo Diesel A.;glossario_anuario_petroleo
Diluente;veículo no qual o componente ativo do aditivo é diluído, com a finalidade de facilitar sua mistura com o combustível ou seu bombeamento e movimentação. Resolução ANP nº 45/2014.;glossario_anuario_petroleo
Distribuição;atividade de comercialização por atacado para a rede varejista ou para grandes consumidoras de combustíveis, lubrificantes, asfaltos e gás liquefeito envasado, exercida por empresas especializadas, na forma das leis e regulamentos aplicáveis. Lei nº 9.478/1997.;glossario_anuario_petroleo
Distribuidor de Combustíveis;pessoa jurídica autorizada pela ANP, nos termos da regulamentação específica, para o exercício da atividade de distribuição de combustíveis líquidos derivados de petróleo, biocombustíveis e outros combustíveis automotivos especificados ou autorizados pela ANP. Resolução ANP n° 41/2013.;glossario_anuario_petroleo
Distribuidor de Combustíveis de Aviação;pessoa jurídica autorizada para o exercício da atividade de distribuição de combustíveis de aviação, considerada de utilidade pública, que compreende aquisição, armazenamento, transporte, comercialização, controle da qualidade, assistência técnica e abastecimento de aeronaves. Resolução ANP nº 856/2021.;glossario_anuario_petroleo
Distribuidor de Combustíveis Líquidos;pessoa jurídica autorizada pela ANP para o exercício da atividade de distribuição de combustíveis líquidos derivados de petróleo, álcool combustível, biodiesel, mistura óleo diesel/biodiesel especificada ou autorizada pela ANP e outros combustíveis automotivos. Resolução ANP nº 3/2016.;glossario_anuario_petroleo
Distribuidor de GLP;pessoa jurídica autorizada pela ANP ao exercício da atividade de distribuição de GLP. Resolução ANP nº 49/2016.;glossario_anuario_petroleo
Distribuidora;agente cuja atividade caracteriza-se pela aquisição e revenda de produtos a granel (por atacado) para a rede varejista ou grandes consumidores (ver Distribuição).;glossario_anuario_petroleo
DPMP;ver Demonstrativo de Produção e Movimentação de Produtos.;glossario_anuario_petroleo
DPP;Dew Point Plant. Ver Unidade de Processamento de Gás Natural.;glossario_anuario_petroleo
Duto;conduto fechado destinado ao transporte ou transferência de petróleo, seus derivados ou gás natural. Portaria ANP nº 125/2002.;glossario_anuario_petroleo
Eletromagnetometria;método que emprega campos eletromagnéticos, gerados por correntes alternadas de origem artificial ou natural. Essas correntes geram um campo magnético secundário que é analisado relativamente ao campo primário. Método empregado na prospecção de petróleo e gás natural. 7;glossario_anuario_petroleo
Empresa Operadora;ver Operador da Concessão.;glossario_anuario_petroleo
Etanol;biocombustível líquido derivado de biomassa renovável, que tem como principal componente o álcool etílico, que pode ser utilizado, diretamente ou mediante alterações, em motores a combustão interna com ignição por centelha, em outras formas de geração de energia ou em indústria petroquímica, podendo ser obtido por rotas tecnológicas distintas, conforme especificado em regulamento. Lei nº 12.490/2011.;glossario_anuario_petroleo
Etanol Anidro Combustível (EAC);etanol combustível destinado à mistura com gasolina A na formulação da gasolina C. Resolução ANP nº 19/2015.;glossario_anuario_petroleo
Etanol Combustível;biocombustível proveniente do processo fermentativo de biomassa renovável, destinado ao uso em motores a combustão interna. Possui como principal componente o etanol, o qual é especificado sob as formas de etanol anidro combustível e etanol hidratado combustível. Resolução ANP nº 19/2015.;glossario_anuario_petroleo
Etanol Hidratado Combustível (EHC);etanol combustível destinado à utilização direta em motores a combustão interna. Resolução ANP nº 19/2015 e Resolução ANP nº 681/2017.;glossario_anuario_petroleo
Etapa de Desenvolvimento;etapa da fase de produção em que toda a infraestrutura necessária à efetiva produção do campo é implantada. Neste momento são realizadas, por exemplo, a perfuração dos poços produtores, a instalação das plataformas de petróleo e a construção dos gasodutos e oleodutos que escoarão a produção.;glossario_anuario_petroleo
Etapa de Produção;etapa da fase de produção em que, com toda a infraestrutura já instalada, o campo passa a produzir petróleo e/ou gás para abastecer o mercado. Esta etapa é a mais longa de todo o ciclo de vida de um campo de petróleo, podendo se estender por décadas a depender da capacidade produtiva do campo.;glossario_anuario_petroleo
Éter Metil-terc-butílico;composto químico de fórmula molecular C H O, obtido por meio 5 12 de reação química entre o metanol, derivado do gás natural, e o isobutileno, derivado do óleo cru ou gás natural. É um líquido volátil, inflamável e sem cor, altamente solúvel em água. Possui odor desagradável. É utilizado como aditivo da gasolina, atuando como oxigenante para aumentar a octanagem da gasolina. Conhecido pela sigla em inglês MTBE (Methyl tertiary-butyl ether).;glossario_anuario_petroleo
Extrato Aromático;produto resultante da extração de aromáticos com solventes em plantas de óleos lubrificantes, que tem aplicações na fabricação de borrachas.;glossario_anuario_petroleo
Fase de Exploração;período de tempo que se estende desde a assinatura do Contrato de Concessão, Cessão Onerosa ou Partilha da Produção até o término do período exploratório, conforme definido em Contrato. Resolução ANP nº 871/2022.;glossario_anuario_petroleo
Fase de Produção;é aquela em que as acumulações de petróleo e/ou gás natural descobertas e que tiveram sua viabilidade comercial comprovada dão origem a um campo produtor, sendo desenvolvidas e postas em produção para abastecer o mercado. 8;glossario_anuario_petroleo
Fase de Reabilitação;período contratual que se inicia com a assinatura do contrato e termina com a Declaração de Comercialidade ou com o término do prazo definido em contratos de concessão de áreas com acumulações marginais.;glossario_anuario_petroleo
Flare;equipamento utilizado para a queima de gases residuais. É utilizado na operação normal da unidade industrial e é dimensionado para queimar todo o gás gerado na pior situação de emergência.;glossario_anuario_petroleo
FOB;"sigla da expressão inglesa Free on Board (""Livre a Bordo""), denomina a cláusula de contrato segundo a qual o frete e o seguro não estão incluídos no custo da mercadoria. Valor FOB é o preço de venda da mercadoria acrescido de todas as despesas que o exportador fez até colocá-la a bordo, incluindo as taxas portuárias, de previdência, da Comissão de Marinha Mercante e outras que incidem sobre o valor do frete.";glossario_anuario_petroleo
Gás;ver Gás Natural.;glossario_anuario_petroleo
Gás Associado ao Petróleo;gás natural produzido de jazida onde ele se encontra dissolvido no petróleo ou em contato com o petróleo saturado de gás. Resolução ANP nº 17/2015.;glossario_anuario_petroleo
Gás de Folhelho (shale gas);o gás de folhelho (shale gas) é contido em rocha geradora de baixa permeabilidade – menor que as de formações convencionais – de forma que apenas pequeno volume de gás flui naturalmente para o poço. Além disso, tal espécie é localizada em camadas profundas, de difícil extração, o que demanda tecnologia avançada.;glossario_anuario_petroleo
Gás de Refinaria;corrente de gás combustível gerada em processos de refino de petróleo usada como combustível em fornos e caldeiras. Resolução Conama nº 436/2011.;glossario_anuario_petroleo
Gás de Xisto;ver Gás de folhelho (shale gas).;glossario_anuario_petroleo
Gás Liquefeito de Petróleo (GLP);conjunto de hidrocarbonetos com três ou quatro átomos de carbono (propano, propeno, butano e buteno), podendo apresentar-se isoladamente ou em mistura entre si e com pequenas frações de outros hidrocarbonetos, conforme especificação da ANP. Resolução ANP nº 51/2016.;glossario_anuario_petroleo
Gás Não Associado;gás natural produzido de jazida de gás seco ou de jazida de gás e condensado. Resolução ANP nº 17/2015.;glossario_anuario_petroleo
Gás Natural;todo hidrocarboneto que permaneça em estado gasoso nas condições atmosféricas normais, extraído diretamente a partir de reservatórios petrolíferos ou gasíferos, incluindo gases úmidos, secos, residuais e gases raros. Resolução ANP nº 41/2013.;glossario_anuario_petroleo
Gás Natural Comprimido (GNC);gás natural processado e condicionado para o transporte em cilindros ou ampolas à temperatura ambiente e pressão próxima à condição de mínimo fator de compressibilidade. Resolução ANP nº 41/2013. 9;glossario_anuario_petroleo
Gás Natural Liquefeito (GNL);é o gás natural no estado líquido obtido mediante processo de criogenia a que foi submetido e armazenado em pressões próximas à atmosférica. Resolução ANP nº 41/2013.;glossario_anuario_petroleo
Gás Natural Veicular (GNV);denominação do combustível gasoso, tipicamente proveniente do gás natural ou biometano, ou da mistura de ambos, destinado ao uso veicular e cujo componente principal é o metano, observadas as especificações estabelecidas pela ANP. Resolução ANP nº 41/2013.;glossario_anuario_petroleo
Gás Queimado;gás queimado no flare (q.v.).;glossario_anuario_petroleo
Gás Reinjetado;gás não comercializado que é retornado ao reservatório de origem com o objetivo de forçar a saída do petróleo da rocha reservatório, deslocando-o para um poço produtor. Este método é conhecido como “recuperação secundária” e é empregado quando a pressão do poço se torna insuficiente para expulsar naturalmente o petróleo.;glossario_anuario_petroleo
Gás Residual;ver Gás Seco.;glossario_anuario_petroleo
Gás Seco;fluido gasoso em qualquer condição de temperatura e pressão. Denominação de uma corrente de gás que foi desidratada, ou seja, encontra-se virtualmente isenta de vapor d’água.;glossario_anuario_petroleo
Gás Úmido;gás rico em metano que contém vapor d’água, etano, propano e hidrocarbonetos mais pesados.;glossario_anuario_petroleo
Gasoduto;ver Duto.;glossario_anuario_petroleo
Gasóleo de Coqueamento;fração de hidrocarboneto que tem a mesma faixa de destilação do óleo diesel, e que é produzida na unidade de coqueamento retardado. É um produto intermediário que serve de matéria-prima para a produção de GLP e de gasolina na unidade de craqueamento. A fração leve de gasóleo de coqueamento pode ser incorporada ao pool de diesel, após hidrotratamento.;glossario_anuario_petroleo
Gasóleo de Vácuo;fração de hidrocarboneto produzida na unidade de destilação a vácuo. É um produto intermediário que serve de matéria-prima para a produção de GLP e gasolina na unidade de craqueamento.;glossario_anuario_petroleo
Gasolina;combustível energético para motores de combustão interna com ignição por centelha (ciclo Otto). Composto de frações líquidas leves do petróleo, cuja composição de hidrocarbonetos varia desde C até C ou C . 5 10 12;glossario_anuario_petroleo
Gasolina A Comum;combustível produzido a partir de processos utilizados nas refinarias, nas centrais de matérias-primas petroquímicas e nos formuladores, destinado aos veículos automotivos dotados de motores de ignição por centelha, isento de componentes oxigenados. Resolução ANP nº 807/2020. 10;glossario_anuario_petroleo
Gasolina A Premium;combustível de elevada octanagem, produzido a partir de processos utilizados nas refinarias, nas centrais de matérias-primas petroquímicas e nos formuladores, destinado aos veículos automotivos dotados de motores de ignição por centelha cujo projeto exija uma gasolina com maior octanagem, isenta de componentes oxigenados. Resolução ANP nº 807/2020.;glossario_anuario_petroleo
Gasolina C Comum;combustível obtido a partir da mistura de gasolina A comum e de etanol anidro combustível, nas proporções definidas pela legislação em vigor. Resolução ANP nº 807/2020.;glossario_anuario_petroleo
Gasolina C Premium;combustível obtido a partir da mistura de gasolina A premium e de etanol anidro combustível, nas proporções definidas pela legislação em vigor. Resolução ANP nº 807/2020.;glossario_anuario_petroleo
Gasolina de Aviação;derivado de petróleo utilizado como combustível em aeronaves com motores de ignição por centelha. Resolução ANP n° 17/2006 e Resolução ANP nº 18/2006.;glossario_anuario_petroleo
Gasolina de Pirólise;fração de produtos, na faixa da gasolina, gerada na pirólise de nafta petroquímica, ou seja, produto resultante da pirólise, de onde são retiradas as frações leves (eteno, propeno e C ). Posteriormente, a partir dessa fração primária, são retiradas as 4 correntes C e os aromáticos. 9;glossario_anuario_petroleo
Gasolina Natural (C +);mistura de hidrocarbonetos que se encontram na fase líquida, em 5 determinadas condições de pressão e temperatura, composta de pentano (C ) e outros 5 hidrocarbonetos pesados. Obtida em separadores especiais ou em UPGNs. Pode ser misturada à gasolina para especificação, reprocessada ou adicionada à corrente do petróleo.;glossario_anuario_petroleo
Glicerina;glicerol ou 1,2,3 propanotriol [CH (OH)CH(OH)CH OH]. Composto orgânico 2 2 pertencente à função álcool, líquido à temperatura ambiente (25 °C), higroscópico, inodoro e viscoso. Na produção de biodiesel é obtido como subproduto.;glossario_anuario_petroleo
GLP;ver Gás Liquefeito de Petróleo.;glossario_anuario_petroleo
GNC;ver Gás Natural Comprimido.;glossario_anuario_petroleo
GNL;ver Gás Natural Liquefeito.;glossario_anuario_petroleo
GNV;ver Gás Natural Veicular.;glossario_anuario_petroleo
Grau API ou ºAPI;escala hidrométrica utilizada para determinação da densidade relativa de líquidos, idealizada pelo American Petroleum Institute - API, juntamente com o National Institute of Standards and Technology - NIST. Resolução ANP nº 874/2022. 11;glossario_anuario_petroleo
Gravimetria;método geofísico que envolve medidas do campo gravitacional terrestre, buscando identificar distribuições de massas e seus contrastes de densidade nos materiais em subsuperfície.;glossario_anuario_petroleo
Graxa Lubrificante;combinação semissólida de óleos básicos e agentes espessantes adequada para tipos específicos de lubrificação. Resolução ANP nº 8/2011.;glossario_anuario_petroleo
H S;sulfeto de hidrogênio ou gás sulfídrico, gás incolor com odor característico, tóxico, 2 altamente inflamável e corrosivo, subproduto do processo de refino do petróleo.;glossario_anuario_petroleo
Hexano;hidrocarboneto composto por seis átomos de carbono e quatorze de hidrogênio (C H ). É normalmente utilizado como solvente inerte em reações orgânicas. É também 6 14 componentes comuns encontrados na gasolina.;glossario_anuario_petroleo
Hidrocarboneto;Designação dos compostos químicos formados por carbono e hidrogênio. Refere-se, geralmente, ao petróleo ou seus derivados.;glossario_anuario_petroleo
ICMS;imposto sobre operações relativas à circulação de mercadorias e sobre prestações de serviços de transporte interestadual e intermunicipal e de comunicação.;glossario_anuario_petroleo
Importação Líquida;diferença entre os volumes importado e exportado.;glossario_anuario_petroleo
Índice de Sucesso;número de poços exploratórios com presença de óleo e/ou gás comerciais em relação ao número total de poços exploratórios perfurados e avaliados no ano em curso de referência.;glossario_anuario_petroleo
Individualização da Produção;procedimento que visa à divisão do resultado da produção e ao aproveitamento racional dos recursos naturais da União, por meio da unificação do desenvolvimento e da produção relativos à jazida que se estenda além do bloco concedido ou contratado sob o regime de partilha de produção. Lei nº 12.351/2010.;glossario_anuario_petroleo
Indústria de Biocombustível;conjunto de atividades econômicas relacionadas com produção, importação, exportação, transferência, transporte, armazenagem, comercialização, distribuição, avaliação de conformidade e certificação de qualidade de biocombustíveis. Lei nº 12.490/2011.;glossario_anuario_petroleo
Indústria do Petróleo;conjunto de atividades econômicas relacionadas com exploração, desenvolvimento, produção, refino, processamento, transporte, importação e exportação de petróleo, gás natural, outros hidrocarbonetos fluidos e seus derivados. Lei n° 9.478/1997.;glossario_anuario_petroleo
Indústria Petroquímica de Primeira e Segunda Geração;conjunto de indústrias que fornecem produtos petroquímicos básicos, a exemplo do eteno, do propeno e de resinas termoplásticas. Lei n° 9.478/1997.;glossario_anuario_petroleo
Jazida;reservatório ou depósito já identificado e possível de ser posto em produção. Lei n° 9.478/1997. 12;glossario_anuario_petroleo
Lavra ou Produção;conjunto de operações coordenadas de extração de petróleo ou gás natural de uma jazida e de preparo para sua movimentação. Lei nº 9.478/1997.;glossario_anuario_petroleo
Lei do Petróleo;Lei n° 9.478/1997. Dispõe sobre a política energética nacional e as atividades relativas ao monopólio do petróleo e institui o Conselho Nacional de Política Energética e a Agência Nacional do Petróleo.;glossario_anuario_petroleo
LGN;ver Líquido de Gás Natural.;glossario_anuario_petroleo
Licitação de Blocos Exploratórios;procedimento administrativo, de natureza formal, em que a ANP estabelece os requisitos técnicos, econômicos e jurídicos a serem obrigatoriamente atendidos pelas empresas que se propõem a exercer atividades de exploração e produção de petróleo e gás natural, mediante contratos de concessão ou de partilha da produção.;glossario_anuario_petroleo
Líquido de Gás Natural (LGN);parte do gás natural que se encontra na fase líquida em determinada condição de pressão e temperatura na superfície, obtida nos processos de separação de campo, em UPGNs ou em operações de transferência em gasodutos.;glossario_anuario_petroleo
Livre Acesso à Rede de Terceiros;corresponde ao uso, por terceiros interessados, de dutos de transporte e terminais aquaviários destinados à movimentação de petróleo, seus derivados e gás natural, existentes ou a serem construídos, mediante remuneração adequada ao titular das instalações. O livre acesso às instalações classificadas como de transporte (q.v.), estabelecido no artigo 58 da Lei n° 9.478/1997, foi regulamentado pela ANP por meio das Resoluções ANP nº 35/2012, 15/2014, 11/2016, 716/2018 e 881/2022, bem como pela Lei nº 14.134/2021.;glossario_anuario_petroleo
Lubrificante;ver Óleo Lubrificante.;glossario_anuario_petroleo
Magnetometria;método geofísico baseado no poder de magnetização do campo magnético terrestre e na susceptibilidade magnética diferenciada dos materiais da Terra, aplicada para prospecção de hidrocarbonetos.;glossario_anuario_petroleo
Mapa;Ministério da Agricultura, Pecuária e Abastecimento.;glossario_anuario_petroleo
Mercado Spot;mercado de transações de curto prazo, nunca mais de três meses. Mercado no qual são negociadas quantidades marginais do produto, não cobertas por contratos. O mercado spot considera a oferta e a demanda do produto no momento da negociação de compra e venda, para entrega imediata.;glossario_anuario_petroleo
Metanol;mesma denominação do álcool metílico. Composto químico com fórmula química CH OH. Líquido, inflamável, com chama invisível, e ponto de congelamento de 3 aproximadamente -98 °C. É utilizado em larga escala como solvente na indústria de plásticos e nas reações de importância farmacológica. Sua relação com os combustíveis é devida à sua utilização no processo de transesterificação de óleos vegetais e gorduras animais para produção de biodiesel. 13;glossario_anuario_petroleo
Minerais Betuminosos;ver Xisto.;glossario_anuario_petroleo
Ministério de Minas e Energia (MME);"órgão da Administração Pública Federal direta, representante da União como Poder Concedente e formulador de políticas públicas, bem como indutor e supervisor da implementação dessas políticas nos seguintes segmentos: I - geologia, recursos minerais e energéticos; II - aproveitamento da energia hidráulica; III - mineração e metalurgia; e IV - petróleo, combustível e energia elétrica, inclusive nuclear.";glossario_anuario_petroleo
Cabe, ainda, ao Ministério de Minas e Energia;"I - energização rural, agroenergia, inclusive eletrificação rural, quando custeada com recursos vinculados ao Sistema Elétrico Nacional; e II - zelar pelo equilíbrio conjuntural e estrutural entre a oferta e a demanda de recursos energéticos no País.";glossario_anuario_petroleo
Mistura Autorizada Óleo Diesel/Biodiesel;ver Óleo Diesel B.;glossario_anuario_petroleo
Mistura Óleo Diesel/Biodiesel – BX;ver Óleo Diesel B.;glossario_anuario_petroleo
MMBTU;milhões de BTU (ver BTU).;glossario_anuario_petroleo
MME;ver Ministério de Minas e Energia.;glossario_anuario_petroleo
MTBE;ver Éter Metil-terc-butílico.;glossario_anuario_petroleo
Nafta;derivado de petróleo utilizado principalmente como matéria-prima da indústria petroquímica (“nafta petroquímica” ou “nafta não energética”) na produção de eteno e propeno, além de outras frações líquidas, como benzeno, tolueno e xilenos. A nafta energética é utilizada para geração de gás de síntese através de um processo industrial (reformação com vapor d’água). Esse gás era utilizado na produção do gás canalizado doméstico.;glossario_anuario_petroleo
Nafta Petroquímica;ver Nafta.;glossario_anuario_petroleo
Navegação de Cabotagem;realizada entre portos ou pontos do território brasileiro, utilizando a via marítima ou esta e as vias navegáveis interiores.;glossario_anuario_petroleo
Normal-Parafina;fração do petróleo composta de hidrocarbonetos não ramificados, usada como matéria-prima na fabricação do alquilbenzeno linear que, por sua vez, é utilizado na fabricação de detergentes biodegradáveis.;glossario_anuario_petroleo
N-parafina;ver normal-parafina.;glossario_anuario_petroleo
Oferta Interna Bruta;quantidade de energia à disposição do País para ser consumida ou submetida aos processos de transformação. A oferta interna bruta corresponde à soma das quantidades produzida e importada subtraída das quantidades exportada, não aproveitada, reinjetada e da sua variação de estoque.;glossario_anuario_petroleo
Offshore;ambiente marinho e zona de transição terra-mar ou área localizada no mar. Decreto nº 8.437, de 22/4/2015. 14;glossario_anuario_petroleo
Óleo;ver Petróleo.;glossario_anuario_petroleo
Óleo Básico;ver Óleo Lubrificante Básico.;glossario_anuario_petroleo
Óleo Combustível;ver Óleos Combustíveis.;glossario_anuario_petroleo
Óleo Combustível OCA1;óleos de maior teor de enxofre e menor limite de viscosidade. Resolução ANP nº 3, de 28/1/2016.;glossario_anuario_petroleo
Óleo Combustível OCA2;óleos de maior teor de enxofre e maior limite de viscosidade. Resolução ANP nº 3, de 28/1/2016.;glossario_anuario_petroleo
Óleo Combustível OCB1;óleos de menor teor de enxofre e menor limite de viscosidade. Resolução ANP nº 3, de 28/1/2016.;glossario_anuario_petroleo
Óleo Combustível OCB2;óleos de menor teor de enxofre e maior limite de viscosidade. Resolução ANP nº 3, de 28/1/2016.;glossario_anuario_petroleo
Óleo Combustível OC3;óleos com viscosidade ou teor de enxofre superiores aos limites especificados. Resolução ANP nº 3/2016.;glossario_anuario_petroleo
Óleo Cru ou Bruto;ver Petróleo.;glossario_anuario_petroleo
Óleo de Xisto;óleo obtido através do processamento do xisto betuminoso.;glossario_anuario_petroleo
Óleo Diesel A;combustível produzido nas refinarias, nas centrais de matérias-primas petroquímicas e nos formuladores, ou autorizado nos termos do § 1º do artigo 1º, destinado a veículos dotados de motores do ciclo Diesel, de uso rodoviário, sem adição de biodiesel. Resolução ANP nº 50/2013.;glossario_anuario_petroleo
Óleo Diesel B;óleo diesel A adicionado de biodiesel no teor estabelecido pela legislação vigente. Utilizado em motores do ciclo Diesel. Resolução ANP nº 50/2013.;glossario_anuario_petroleo
Óleo Diesel A S-10 e B S-10;combustíveis com teor de enxofre máximo de 10 mg/kg. Utilizado em motores do ciclo Diesel. Resolução ANP nº 50/2013.;glossario_anuario_petroleo
Óleo Diesel A S-500 e B S-500;combustíveis com teor de enxofre máximo de 500 mg/kg. Utilizado em motores do ciclo Diesel. Resolução ANP nº 50/2013.;glossario_anuario_petroleo
Óleo Diesel Marítimo A ou DMA;combustível destilado médio para uso aquaviário. Resolução ANP nº 52/2010.;glossario_anuario_petroleo
Óleo Diesel Marítimo B ou DMB;combustível predominantemente composto de destilados médios, podendo conter pequenas quantidades de óleos de processo do refino para uso aquaviário. Resolução ANP nº 52/2010. 15;glossario_anuario_petroleo
Oleoduto;ver Duto.;glossario_anuario_petroleo
Óleo Leve de Reciclo;corrente produzida no FCC (craqueador catalítico em leito fluidizado), podendo ser utilizada na diluição de óleo combustível, para diminuir sua viscosidade, ou como óleo diesel, após hidrotratamento.;glossario_anuario_petroleo
Óleo Lubrificante;líquido obtido por destilação do petróleo bruto. Os óleos lubrificantes são utilizados para reduzir o atrito e o desgaste de peças e equipamentos, desde um delicado mecanismo de relógio até pesados mancais de navios e máquinas industriais.;glossario_anuario_petroleo
Óleo Lubrificante Acabado;produto acabado, pronto para aplicação específica, sob a forma de graxa ou óleo, formulado a partir de óleo básico ou de mistura de óleos básicos, podendo ou não conter aditivos, dependendo de sua aplicação. Resolução ANP nº 804/2019.;glossario_anuario_petroleo
Óleo Lubrificante Básico;principal constituinte do óleo lubrificante acabado, devendo ser classificado em um dos cinco grupos definidos como parâmetros da classificação de óleos básicos. Resolução ANP nº 804/2019.;glossario_anuario_petroleo
Óleo Lubrificante Usado ou Contaminado;óleo lubrificante acabado que, em decorrência do seu uso normal ou por motivo de contaminação, tenha se tornado inadequado à sua finalidade original.;glossario_anuario_petroleo
Óleos Combustíveis;óleos residuais de alta viscosidade, obtidos do refino do petróleo ou através da mistura de destilados pesados com óleos residuais de refinaria. São utilizados como combustível pela indústria, em equipamentos destinados a produzir trabalho a partir de uma fonte térmica.;glossario_anuario_petroleo
Onshore;ambiente terrestre ou área localizada em terra. Decreto nº 8.437, de 22/4/2015.;glossario_anuario_petroleo
Opep;ver Organização dos Países Exportadores de Petróleo.;glossario_anuario_petroleo
Operador da Concessão;empresa petrolífera legalmente designada pelo concessionário para conduzir e executar todas as operações e atividades na área de concessão, de acordo com o estabelecido no contrato de concessão celebrado entre o órgão regulador da indústria do petróleo e o concessionário.;glossario_anuario_petroleo
Orçamento Anual de Trabalho;detalhamento dos investimentos a serem feitos pelo concessionário na execução do respectivo Programa Anual de Trabalho, previsto no contrato de concessão de exploração e produção de petróleo e gás, no decorrer de um ano civil qualquer. Portaria ANP n° 123/2000.;glossario_anuario_petroleo
Organização dos Países Exportadores de Petróleo (Opep);organização internacional que tem como objetivo centralizar a administração da atividade petrolífera, inclusive o controle de produção e dos respectivos preços. Fundada em 1960 por Arábia Saudita, Irã, Iraque, Coveite e Venezuela, a Opep surgiu com o objetivo de influenciar os preços do petróleo, até então definidos somente pelas grandes petroleiras existentes na época. 16;glossario_anuario_petroleo
Pagamento pela Ocupação ou Retenção de Área;participação governamental paga pelos concessionários, referente ao pagamento pela ocupação ou retenção da área concedida durante as fases de exploração e produção de petróleo e gás natural. Decreto nº 2.705/1998.;glossario_anuario_petroleo
Parafina;fração do petróleo que frequentemente se precipita sobre equipamentos de produção devido a mudanças de temperatura e pressão dentro do sistema de produção. Na indústria do petróleo esse termo é utilizado de forma mais genérica, representando o depósito formado por parafinas, asfaltenos, resinas, água, areia, sais e sulfetos.;glossario_anuario_petroleo
Participações de Terceiros;participação mensal destinada aos proprietários de terra, que varia de 0,5% a 1% do valor da produção dos poços localizados em sua propriedade. O proprietário pode ser uma pessoa física ou jurídica, inclusive ser um ente federativo (União, Estados e Municípios) ou o próprio concessionário, sendo que neste último caso não será devido o referido pagamento.;glossario_anuario_petroleo
Participação Especial;compensação financeira extraordinária devida pelos concessionários de exploração e produção de petróleo ou gás natural, nos casos de grande volume de produção ou de grande rentabilidade. Decreto nº 2.705/1998.;glossario_anuario_petroleo
Participações Governamentais;pagamentos de bônus de assinatura, royalties, participações especiais e pagamento pela ocupação ou retenção de área, a serem realizados pelos concessionários de atividades de exploração e produção de petróleo e de gás natural, nos termos dos artigos 45 a 51 da Lei nº 9.478/1997 e do Decreto nº 2.705/1998.;glossario_anuario_petroleo
Partilha de Produção;regime de exploração e produção de petróleo, de gás natural e de outros hidrocarbonetos fluidos no qual o contratado exerce, por sua conta e risco, as atividades de exploração, avaliação, desenvolvimento e produção e, em caso de descoberta comercial, adquire o direito à apropriação do custo em óleo, do volume da produção correspondente aos royalties devidos, bem como de parcela do excedente em óleo, na proporção, condições e prazos estabelecidos em contrato. Lei nº 12.351/2010.;glossario_anuario_petroleo
PEM – Programa Exploratório Mínimo;corresponde a um conjunto de atividades exploratórias que deve ser executado pelo concessionário ou contratado durante a fase de exploração. É obrigação do concessionário ou contratado fornecer à ANP garantia financeira que assegure o cumprimento do PEM assumido.;glossario_anuario_petroleo
Pesquisa ou Exploração;conjunto de operações ou atividades destinadas a avaliar áreas, objetivando a descoberta e a identificação de jazidas de petróleo ou gás natural. Lei nº 9.478/1997.;glossario_anuario_petroleo
Petróleo;todo e qualquer hidrocarboneto líquido em seu estado natural, a exemplo do óleo cru e condensado. Lei n° 9.478/1997.;glossario_anuario_petroleo
Petróleo Brent;mistura de petróleos produzidos no mar do Norte, oriundos dos sistemas petrolíferos Brent e Ninian, com grau API de 39,4 e teor de enxofre de 0,34%.;glossario_anuario_petroleo
Petróleo WTI;ver West Texas Intermediate. 17;glossario_anuario_petroleo
PIS/Cofins;Programa de Integração Social e Contribuição Social para o Financiamento da Seguridade Social. Contribuição calculada com base na receita bruta das empresas, incidindo cumulativamente sobre as atividades de produção, distribuição e revenda de combustíveis, exceto para a gasolina, o óleo diesel e o GLP. No caso desses três derivados, a contribuição relativa às operações de vendas feitas às distribuidoras é recolhida pelas refinarias.;glossario_anuario_petroleo
Plano de Avaliação de Descoberta – PAD;documento preparado pelo concessionário a qualquer tempo, na fase de exploração ou na fase de produção, quando houver decisão de avaliar a descoberta. Resolução ANP nº 30/2014.;glossario_anuario_petroleo
Plano de Desenvolvimento;documento em que se especificam o programa de trabalho, cronograma e respectivos investimentos necessários ao desenvolvimento e produção de uma descoberta ou conjunto de descobertas de petróleo e gás natural na área de concessão, incluindo seu abandono. Resolução ANP nº 17/2015.;glossario_anuario_petroleo
Planta de Industrialização de Xisto;instalação industrial onde se realiza a produção de hidrocarbonetos (gás combustível, GLP, nafta e produtos escuros) a partir do processamento de xisto.;glossario_anuario_petroleo
Planta Produtora de Etanol;instalação industrial que produz etanol, cujo limite de bateria inicia-se na área de fermentação, estendendo-se até as plataformas de carregamento, incluindo o parque de tanques e excluindo a produção agrícola, a fabricação de produtos agropecuários e alimentícios e a geração de energia elétrica. Resolução ANP nº 26/2012.;glossario_anuario_petroleo
Poço de Petróleo;poço direta ou indiretamente ligado à produção de petróleo. Escavação artificial com o propósito de explorar e explotar hidrocarbonetos, podendo ser dos tipos exploratório, explotatório ou especial.;glossario_anuario_petroleo
Poço Especial;é aquele que visa a objetivos específicos que não se enquadram nas fina- lidades definidas para os outros poços, tais como poço piloto para horizontal, poço para captação ou descarte de água, controle de blow out, e de observação. Resolução ANP nº 699/2017.;glossario_anuario_petroleo
Poço Exploratório Estratigráfico;é o poço que visa conhecer a coluna estratigráfica e obter outras informações geológicas de subsuperfície em uma bacia ou região pouco explorada. Resolução ANP nº 699/2017.;glossario_anuario_petroleo
Poço Exploratório de Extensão;é o poço que visa delimitar a acumulação de petróleo ou gás natural e/ou investigar contato entre fluidos, comunicação entre regiões de um reservatório, e propriedades que permitam caracterizá-lo. Resolução ANP nº 699/2017.;glossario_anuario_petroleo
Poço Exploratório para Prospecto Mais Profundo;é o poço que visa testar a ocorrência de acumulações ou condições geológicas favoráveis mais profundas em determinada área sob Plano de Avaliação de Descoberta ou na Fase de Produção, em relação à(s) jazida(s) já descobertas. Resolução ANP nº 699/2017. 18;glossario_anuario_petroleo
Poço Exploratório para Prospecto Mais Raso;é o poço que visa testar a ocorrência de acumulações ou condições geológicas favoráveis mais rasas em determinada área sob Plano de Avaliação de Descoberta ou na Fase de Produção, em relação à(s) jazida(s) já descoberta(s). Resolução ANP nº 699/2017.;glossario_anuario_petroleo
Poço Exploratório Pioneiro;é o poço que visa testar a ocorrência de petróleo ou gás natural em um ou mais objetivos de um prospecto geológico ainda não perfurado. Resolução ANP nº 699/2017.;glossario_anuario_petroleo
Poço Exploratório Pioneiro Adjacente;é o poço que visa testar a ocorrência de petróleo ou gás natural em área adjacente a uma descoberta, em prospecto com similaridade geológica e proximidade geográfica, porém sem conectividade hidráulica àquela descoberta. Resolução ANP nº 699/2017.;glossario_anuario_petroleo
Poço Explotatório de Injeção;é o poço que visa à injeção de fluidos no reservatório com o objetivo de melhorar a recuperação de hidrocarbonetos. Resolução ANP nº 699/2017.;glossario_anuario_petroleo
Poço Explotatório de Produção;é o poço que visa drenar uma ou mais jazidas de um campo. Resolução ANP nº 699/2017;glossario_anuario_petroleo
Polo de Processamento de Gás Natural;instalação industrial constituída de unidades de processamento e tratamento de gás natural e suas frações, e condensado de gás natural e suas frações, incluindo unidades auxiliares. Resolução ANP nº 852/2021.;glossario_anuario_petroleo
Polo Produtor;ver Polo de Processamento de Gás Natural.;glossario_anuario_petroleo
Ponto de Entrega;ponto onde o produto movimentado é entregue pelo transportador ao carregador ou a outro destinatário por este indicado. Resolução ANP/Inmetro nº 1/2013.;glossario_anuario_petroleo
Ponto de Orvalho;termo normalmente empregado para caracterizar as condições (temperatura e pressão) de uma corrente de hidrocarboneto vapor que está na iminência de sofrer condensação parcial, caso ocorra uma variação (redução de temperatura ou elevação de pressão), ainda que muito pequena, nessas condições.;glossario_anuario_petroleo
Posto Revendedor de Combustíveis Automotivos;"estabelecimento localizado em terra firme que revende, a varejo, combustíveis automotivos e abastece tanques de consumo dos veículos automotores terrestres ou recipientes que observem o disposto no parágrafo único do artigo 17 e no artigo 34-A da Resolução ANP nº 41/2013; óleo lubrificante acabado envasado e a granel; aditivo envasado para combustíveis líquidos; aditivo envasado para óleo lubrificante acabado; graxas lubrificantes envasadas e querosene iluminante a granel ou envasado. Resolução ANP nº 57/2014.";glossario_anuario_petroleo
Preço de Referência do Gás Natural;somatório dos produtos das frações volumétricas do gás natural que, após o seu processamento, podem ser obtidas como condensado de gás natural (VCGN), gás liquefeito de petróleo (VGLP) e gás processado (VGP), pelos correspondentes preços (PCGN, PGLP e PGP, respectivamente). Resolução ANP nº 875/2022. 19;glossario_anuario_petroleo
Preço de Referência do Petróleo;preço por unidade de volume, expresso em moeda nacional, para o petróleo produzido em cada campo, a ser determinado pela ANP de acordo com a Resolução ANP nº 874/2022.;glossario_anuario_petroleo
Pré-sal;ver Área do Pré-sal.;glossario_anuario_petroleo
Produção;ver Lavra ou Produção.;glossario_anuario_petroleo
Produção de Biocombustível;conjunto de operações industriais para a transformação de biomassa renovável, de origem vegetal ou animal, em combustível. Lei nº 12.490/2011.;glossario_anuario_petroleo
Produtor de Etanol;sociedade empresarial, cooperativa ou consórcio autorizado pela ANP a exercer a atividade de produção de etanol.;glossario_anuario_petroleo
Programa Anual de Produção;programa em que se discriminam as previsões de produção e movimentação de petróleo, gás natural, água e outros fluidos e resíduos oriundos do processo de produção de cada campo. Portaria ANP n° 100/2000.;glossario_anuario_petroleo
Programa Anual de Trabalho;conjunto de atividades a serem realizadas pelo concessionário, no decorrer de um ano civil qualquer. Portaria ANP n° 123/2000.;glossario_anuario_petroleo
Programa de Trabalho Inicial;ver PTI;glossario_anuario_petroleo
Programa Exploratório Mínimo;ver PEM.;glossario_anuario_petroleo
PRH-ANP;Programa de Recursos Humanos da ANP para fomento à pesquisa e formação de profissionais do setor de petróleo, gás natural e biocombustíveis.;glossario_anuario_petroleo
Propano;hidrocarboneto saturado com três átomos de carbono e oito de hidrogênio (C H ). 3 8 É gasoso, incolor e possui cheiro característico. Compõe o GLP.;glossario_anuario_petroleo
Propano Especial;mistura de hidrocarbonetos contendo, no mínimo, 90% de propano em volume e, no máximo, 5% de propeno em volume. Resolução ANP nº 825/2020.;glossario_anuario_petroleo
Propeno;composto químico da série das olefinas com a fórmula C3H6.;glossario_anuario_petroleo
PTI – Programa de Trabalho Inicial;corresponde ao conjunto de atividades relacionadas à avaliação de uma área com acumulação marginal a ser executado pela concessionária integralmente na Fase de Reabilitação.;glossario_anuario_petroleo
QAV;ver Querosene de Aviação.;glossario_anuario_petroleo
Querosene;mistura inflamável de hidrocarbonetos obtida pela destilação fracionada do petróleo entre 150 e 300 °C. 20;glossario_anuario_petroleo
Querosene de Aviação (QAV);derivado de petróleo utilizado como combustível em turbinas de aeronaves.;glossario_anuario_petroleo
Querosene Iluminante;utilizado, em geral, como solvente e combustível de lamparinas.;glossario_anuario_petroleo
RAT;ver Resíduo Atmosférico.;glossario_anuario_petroleo
Reclassificação de Poço;processo de conferir ao poço os atributos que definem os resultados obtidos com a sua perfuração, de acordo com o disposto na Resolução ANP nº 699/2017.;glossario_anuario_petroleo
Refinaria de Petróleo;unidade industrial que utiliza como matéria-prima o petróleo vindo de unidade de extração e produção de um campo e que, através de processos que incluem aquecimento, fracionamento, pressão, vácuo e reaquecimento na presença de catalisadores, gera derivados de petróleo desde os mais leves (gás de refinaria, GLP, nafta) até os mais pesados (bunker, óleo combustível), além de frações sólidas, tais como coque e resíduo asfáltico.;glossario_anuario_petroleo
Refino ou Refinação;conjunto de processos destinados a transformar o petróleo em derivados de petróleo. Lei n° 9.478/1997.;glossario_anuario_petroleo
Regime de Caixa;representa o reconhecimento das receitas, custos e despesas pela entrada e saída efetiva de moeda.;glossario_anuario_petroleo
Regime de Competência;tem por finalidade reconhecer na contabilidade as receitas, custos e despesas no período a que compete, independentemente da sua realização em moeda.;glossario_anuario_petroleo
Reinjeção;operação de injeção em um reservatório de um fluido, líquido ou gás, previamente produzido do mesmo ou de outro reservatório.;glossario_anuario_petroleo
RenovaBio;"é uma política, instituída pela Lei nº 13.576/2017, com o objetivo de promover a expansão adequada da produção e uso de biocombustíveis na matriz energética brasileira, com ênfase na continuidade do fornecimento de combustíveis; aumentar a eficiência energética do setor produtivo de biocombustíveis; e, contribuir para a redução das emissões de gases de efeito estufa (GEE).";glossario_anuario_petroleo
Rerrefino;categoria de processos industriais de remoção de contaminantes, produtos de degradação e aditivos dos óleos lubrificantes usados ou contaminados, conferindo-lhes características de óleos lubrificantes básicos, conforme legislação específica. Resolução ANP n° 18/2009. Retificada em 31/8/2009.;glossario_anuario_petroleo
Reservas;quantidade de petróleo e gás natural que se estima ser comercialmente recuperável por meio de projetos de explotação de reservatórios descobertos, a partir de uma determinada data, sob condições definidas. Para que volumes sejam classificados como reservas, devem ser descobertos, recuperáveis, comerciais e remanescentes, na data de referência do Boletim Anual de Recursos e Reservas (BAR), com base em projetos de exploração. Os volumes de reserva são categorizados de acordo com o nível de incerteza. Resolução ANP n° 47/2014. 21;glossario_anuario_petroleo
Reservas Desenvolvidas;quantidade de petróleo ou gás natural que se espera produzir a partir dos poços já perfurados, incluindo as de reservatórios (q.v.) descobertos e não canhoneados. As reservas de recuperação melhorada são consideradas desenvolvidas somente quando os equipamentos necessários tenham sido instalados ou quando os custos para fazê-lo são relativamente pequenos quando comparados com o custo de um poço. Resolução ANP n° 47/2014.;glossario_anuario_petroleo
Reservas Não Desenvolvidas;quantidade de petróleo ou gás natural que se espera recuperar por investimentos futuros, em reservatórios descobertos, na data de referência do Boletim;glossario_anuario_petroleo
Anual de Recursos e Reservas (BAR);"(1) em novos poços em áreas não perfuradas; (2) em aprofundamento de poços existentes para atingir um reservatório diferente; (3) em adensamento de malha de poços para aumentar a recuperação; (4) de valores relativamente altos (quando comparados com o custo de um novo poço na área) para recompletar um poço existente ou para instalar sistemas de produção ou transporte de projetos de recuperação primária ou suplementar. Resolução ANP n° 47/2014.";glossario_anuario_petroleo
Reservas Possíveis;quantidade de petróleo ou gás natural que a análise de dados de geociências e de engenharia indica como menos provável de se recuperar do que as reservas prováveis. Resolução ANP n° 47/2014.;glossario_anuario_petroleo
Reservas Provadas;"quantidade de petróleo ou gás natural que a análise de dados de geociências e engenharia indica com razoável certeza, como recuperável comercialmente, na data de referência do Boletim Anual de Recursos e Reservas (BAR), de reservatórios descobertos e com condições econômicas, métodos operacionais e regulamentação governamental definidos. Se forem usados métodos determinísticos de avaliação, o termo ""razoável certeza"" indica um alto grau de confiança de que a quantidade será recuperada. Quando são usados métodos probabilísticos, a probabilidade de que a quantidade recuperada seja igual ou maior que a estimativa deverá ser de, pelo menos, 90%. Resolução ANP n° 47/2014.";glossario_anuario_petroleo
Reservas Prováveis;quantidade de petróleo ou de gás natural cuja recuperação é menos provável que a das reservas provadas, mas de maior certeza em relação à das reservas possíveis. Resolução ANP n° 47/2014.;glossario_anuario_petroleo
Reservas Totais;soma das reservas provadas, prováveis e possíveis. Resolução ANP n° 47/2014.;glossario_anuario_petroleo
Reservatório ou Depósito;configuração geológica dotada de propriedades específicas, armazenadora de petróleo ou gás natural associado ou não. Lei nº 9.478/1997.;glossario_anuario_petroleo
Resíduo Atmosférico (RAT);fração do petróleo procedente da unidade de destilação atmosférica com temperatura de destilação superior a 420 ºC.;glossario_anuario_petroleo
Revenda;atividade de venda a varejo de combustíveis, lubrificantes e gás liquefeito envasado, exercida por postos de serviços ou revendedores, na forma das leis e regulamentos aplicáveis. Lei n° 9.478/1997. 22;glossario_anuario_petroleo
Revendedor Varejista;pessoa jurídica autorizada para o exercício da atividade de revenda varejista de combustível automotivo. Resolução ANP nº 12/2007 e Resolução ANP nº 858/2021.;glossario_anuario_petroleo
Rodadas de Licitações;licitações de âmbito internacional efetuadas pela ANP e destinadas à outorga, aos licitantes vencedores, de concessões para exploração e produção de petróleo e gás natural.;glossario_anuario_petroleo
Rodada Zero;designa a assinatura entre a ANP e a Petrobras, nos termos do artigo 34 da Lei nº 9.478/1997 (Lei do Petróleo), de 397 contratos de concessão de blocos que se encontravam em fase de exploração e de campos em desenvolvimento ou produção pela petrolífera.;glossario_anuario_petroleo
Royalties;compensação financeira devida à União, aos Estados, ao DF e aos Municípios beneficiários pelas empresas que produzem petróleo e gás natural no território brasileiro. Os royalties incidem sobre o valor da produção do campo e são recolhidos mensalmente pelas empresas concessionárias até o último dia do mês seguinte àquele em que ocorreu a produção.;glossario_anuario_petroleo
Simp;ver Sistema de Informações de Movimentação de Produtos.;glossario_anuario_petroleo
Sísmica;técnica para obtenção de informações geológicas através da captação de sinais sonoros refletidos nas camadas subterrâneas.;glossario_anuario_petroleo
Sistema de Informações de Movimentação de Produtos;sistema que tem por objetivo a monitoração, de forma integrada, dos dados de produção e movimentação de produtos regulados pela ANP na indústria do petróleo, do gás natural e dos biocombustíveis. Os agentes regulados pela ANP, em atendimento às exigências da Resolução ANP nº 729/2018, são obrigados a enviar à ANP informações mensais sobre as suas atividades.;glossario_anuario_petroleo
Solvente;hidrocarboneto líquido derivado de frações resultantes do refino de petróleo, do processamento de gás natural ou de central de matérias-primas petroquímicas, capaz de ser utilizado como dissolvente de substâncias sólidas e/ou líquidas, puros ou em misturas, ou com potencial adulterante de combustíveis líquidos cuja faixa de destilação tenha seu ponto inicial superior a 25ºC e ponto final inferior a 280ºC, com exceção de qualquer. tipo de gasolina, de querosene de aviação ou de óleo diesel especificados em regulamentação da ANP. Resolução ANP nº 872/2022.;glossario_anuario_petroleo
Spot;ver Mercado Spot.;glossario_anuario_petroleo
Subsídio;"contribuição pecuniária ou de outra ordem que se dá a empresa ou a particular; auxílio; ajuda.";glossario_anuario_petroleo
Tanque de Armazenamento ou Tanque;recipiente de armazenagem com uma capacidade líquida superior a 230l, projetado e construído conforme normas técnicas pertinentes, destinado à instalação fixa e não utilizado em processamento industrial. Resolução ANP nº 784/2019. 23;glossario_anuario_petroleo
Tep;sigla de tonelada equivalente de petróleo. Unidade de medida de energia equivalente, por convenção, a 10.000 Mcal.;glossario_anuario_petroleo
Terminal;conjunto de instalações utilizadas para o recebimento, expedição e armazenagem de produtos da indústria do petróleo. Pode ser classificado como marítimo, fluvial, lacustre ou terrestre.;glossario_anuario_petroleo
Teste de Longa Duração (TLD);testes de poços, realizados durante a fase de exploração, com a finalidade exclusiva de obtenção de dados e informações para conhecimento dos reservatórios, com tempo de fluxo total superior a 72 horas. Resolução Conjunta ANP/Inmetro nº 1/2013.;glossario_anuario_petroleo
TLD;ver Teste de Longa Duração.;glossario_anuario_petroleo
Transferência;movimentação de petróleo, seus derivados, biocombustíveis ou gás natural em meio ou percurso considerado de interesse específico e exclusivo do proprietário ou explorador das facilidades. Lei nº 12.490/2011.;glossario_anuario_petroleo
Transportador;pessoa jurídica autorizada pela ANP a operar as instalações de transporte. Resolução ANP nº 16/2008.;glossario_anuario_petroleo
Transportador-Revendedor-Retalhista (TRR);pessoa jurídica autorizada para o exercício da atividade de transporte e revenda retalhista de combustíveis. Resolução ANP nº 12/2007. Ver também Resolução ANP nº 8/2007 e Resolução ANP nº 858/2021.;glossario_anuario_petroleo
Transporte;movimentação de petróleo, seus derivados, biocombustível ou gás natural em meio ou percurso considerado de interesse geral. Lei nº 12.490/2011.;glossario_anuario_petroleo
Transvasamento;qualquer operação de carga e descarga de GNL entre recipientes e veículos transportadores, podendo ser realizada nas unidades de liquefação, nas distribuidoras ou nas unidades consumidoras finais. Resolução Conjunta ANP/Inmetro nº 1/2013.;glossario_anuario_petroleo
TRR;ver Transportador-Revendedor-Retalhista.;glossario_anuario_petroleo
Uapo (Unidade de Ajuste do Ponto de Orvalho);ver Unidade de Processamento de Gás Natural.;glossario_anuario_petroleo
UFL;ver Unidade de Fracionamento de Líquidos de Gás Natural.;glossario_anuario_petroleo
UGN;ver Unidade de Gás Natural.;glossario_anuario_petroleo
Unidade de Ajuste do Ponto de Orvalho;ver Unidade de Processamento de Gás Natural (UPGN).;glossario_anuario_petroleo
Unidade de Compressão e Distribuição de GNC;conjunto de instalações fixas que comprimem o gás natural, disponibilizando-o para o carregamento/enchimento de veículos 24;glossario_anuario_petroleo
Unidade de Fracionamento de Líquidos de Gás Natural (UFL);instalação industrial que objetiva separar o LGN obtido na URL em correntes contendo etano, propano, GLP e C +. 5;glossario_anuario_petroleo
Unidade de Gás Natural (UGN);instalação industrial que objetiva separar o condensado do gás natural e estabilizá-lo.;glossario_anuario_petroleo
Unidade de Processamento de Condensado de Gás Natural (UPCGN);instalação industrial que objetiva separar as frações leves existentes no condensado do gás natural produzido nos dutos que transportam o gás do mar para a terra, ou nas Unidades de Recuperação de Gás Natural (URGNs). Essas instalações são compostas de Unidades de Fracionamento de Líquidos de Gás Natural (UFL), gerando propano, butano, GLP e C +. 5;glossario_anuario_petroleo
Unidade de Processamento de Gás Natural (UPGN);unidade industrial que objetiva separar as frações existentes no gás natural, gerando derivados, não contemplando unidade de processamento primário. Resolução ANP nº 852/2021.;glossario_anuario_petroleo
Unidade de Recuperação de Gás Natural (URGN);instalação industrial que objetiva separar o metano e o etano das frações mais pesadas, contendo C + na forma de líquido 3 (LGN).;glossario_anuario_petroleo
Unidade de Recuperação de Líquidos de Gás Natural (URL);instalação industrial que visa separar o metano das frações mais pesadas, contendo C + na forma de líquido (LGN). 2;glossario_anuario_petroleo
UPCGN;ver Unidade de Processamento de Condensado de Gás Natural.;glossario_anuario_petroleo
UPGN;ver Unidade de Processamento de Gás Natural.;glossario_anuario_petroleo
URGN;ver Unidade de Recuperação de Gás Natural.;glossario_anuario_petroleo
URL;ver Unidade de Recuperação de Líquidos de Gás Natural.;glossario_anuario_petroleo
Usina;instalação industrial produtora de etanol e açúcar.;glossario_anuario_petroleo
Valor Corrente;valor expresso exatamente com os números que ele tinha na época em que foi registrado.;glossario_anuario_petroleo
West Texas Intermediate (WTI);petróleo com grau API entre 38 e 40 e aproximadamente 0,3% em peso de enxofre, cuja cotação diária no mercado spot reflete o preço dos barris entregues em Cushing, Oklahoma, nos Estados Unidos.;glossario_anuario_petroleo
WTI;ver West Texas Intermediate. 25;glossario_anuario_petroleo
Xisto;xisto betuminoso é uma rocha sedimentar, normalmente argilosa, muito rica em matéria orgânica (querogênio). Quando submetido a temperaturas elevadas, o xisto betuminoso libera óleo, água e gás, e deixa um resíduo sólido contendo carbono. 26;glossario_anuario_petroleo
Acondicionamento de Gás Natural: confinamento de gás natural na forma gasosa, líquida ou sólida para o seu transporte ou consumo (Lei nº 11.909, de 4 de Março de 2009).;Acordo de Individualização da Produção: acordo celebrado entre as partes, após a Declaração de Comercialidade, para Desenvolvimento e Produção unificados de Jazida Compartilhada, com conteúdo mínimo indicado no art. 13 desta Resolução e contendo o Plano de Desenvolvimento individualizado (Resolução ANP Nº 25 de 8 de Julho de 2013). Afiliada: Qualquer sociedade controlada ou controladora, nos termos dos artigos 1.098 a 1.100 doCódigo Civil, bem como as sociedades que sejam controladas direta ou indiretamente pela mesma pessoa jurídica (Resolução ANP Nº 1, DE 14.1.2015 DOU 15.1.2015). Agentes da Indústria do Gás Natural: agentes que atuam nas atividades de exploração, desenvolvimento, produção, importação, exportação, processamento, tratamento, transporte, carregamento, estocagem, acondicionamento, liquefação, regaseificação, distribuição e comercialização de gás natural (Lei nº 11.909, de 4 de Março de 2009). Aquisição de Dados: Operação destinada à coleta de dados, realizada por métodos, procedimentos e tecnologias próprias ou de terceiros (Resolução ANP Nº 1, DE 14.1.2015 DOU 15.1.2015). Área de Desenvolvimento: é qualquer parcela da Área sob Contrato separada para Desenvolvimento conforme as disposições do Contrato respectivo (Resolução ANP Nº 17, DE 18.3.2015 – DOU 20.3.2015 – Retificada DOU 23.4.2015). Área do Campo: é a área circunscrita pelo polígono que define o Campo, por ocasião da aprovação do Plano de Desenvolvimento (Resolução ANP Nº 17, DE 18.3.2015 – DOU 20.3.2015 – Retificada DOU 23.4.2015). Área do pré-sal: região do subsolo formada por um prisma vertical de profundidade indeterminada, com superfície poligonal definida pelas coordenadas geográficas de seus vértices estabelecidas no Anexo desta Lei, bem como outras regiões que venham a ser delimitadas em ato do Poder Executivo, de acordo com a evolução do conhecimento geológico (Lei nº 12.351, de 22 de Dezembro de 2010). Área estratégica: região de interesse para o desenvolvimento nacional, delimitada em ato do Poder Executivo, caracterizada pelo baixo risco exploratório e elevado potencial de produção de petróleo, de gás natural e de outros hidrocarbonetos fluidos (Lei nº 12.351, de 22 de Dezembro de 2010). Área Inativa: é a área com descoberta de Petróleo e/ou Gás Natural conhecidas onde, ou não houve Produção, ou esta foi interrompida por falta de interesse econômico e na qual foram outorgados os direitos de Exploração e Produção por meio de um Contrato de Concessão de Blocos contendo Áreas Inativas com Acumulações Marginais para Avaliação, Reabilitação e Produção de Petróleo e Gás Natural (Resolução ANP Nº 17, DE 18.3.2015 – DOU 20.3.2015 – Retificada DOU 23.4.2015). Área Individualizada: polígono definido pela projeção em superfície da(s) Jazida(s) Compartilhada(s) objeto do Acordo de Individualização da Produção (Resolução ANP Nº 25 de 8 de Julho de 2013). Área não Contratada: toda e qualquer área que não seja objeto de Contrato de Concessão, Contrato de Cessão Onerosa ou Contrato de Partilha de Produção (Resolução ANP Nº 25 de 8 de Julho de 2013). Área sob Contrato: – é o Bloco ou Campo em que foram outorgados os direitos de Exploração e Produção por meio de um Contrato (Resolução ANP Nº 17, DE 18.3.2015 – DOU 20.3.2015 – Retificada DOU 23.4.2015). – Bloco ou Campo objeto de um Contrato de Concessão, Contrato de Cessão Onerosa ou Contrato de Partilha de Produção (Resolução ANP Nº 25 de 8 de Julho de 2013). Auto importador: agente autorizado para a importação de gás natural que utiliza parte ou totalidade do produto importado como matéria-prima ou combustível em suas instalações industriais (Lei nº 11.909, de 4 de Março de 2009). Autoprodutor: agente explorador e produtor de gás natural que utiliza parte ou totalidade de sua produção como matéria-prima ou combustível em suas instalações industriais (Lei nº 11.909, de 4 de Março de 2009). Autorização: Ato unilateral e discricionário pelo qual a ANP faculta ao outorgado o desempenho de atividade material ou prática de ato que, sem esse consentimento, seriam legalmente proibidos (Resolução ANP Nº 1, DE 14.1.2015 DOU 15.1.2015). Bacia Sedimentar: depressão da crosta terrestre onde se acumulam rochas sedimentares que podem ser portadoras de petróleo ou gás, associados ou não (Lei nº 9.478, de 6 de Agosto de 1997). Barril de Óleo Equivalente (Boe): unidade utilizada pela Indústria do Petróleo para quantificar e comparar a energia relativa a volumes de diferentes combustíveis, onde 1bbl de Petróleo = 1 Boe ? 5.800.000 BTU ? 1.700 KWh (Resolução ANP Nº 25 de 8 de Julho de 2013). BDEP: Banco de Dados de Exploração e Produção da Agência Nacional do Petróleo, Gás Natural e Biocombustíveis ANP, onde está armazenado o acervo de dados técnicos e informações sobre as bacias sedimentares brasileiras (Resolução ANP Nº 1, DE 14.1.2015 DOU 15.1.2015). Biocombustível: substância derivada de biomassa renovável, tal como biodiesel, etanol e outras substâncias estabelecidas em regulamento da ANP, que pode ser empregada diretamente ou mediante alterações em motores a combustão interna ou para outro tipo de geração de energia, podendo substituir parcial ou totalmente combustíveis de origem fóssil (Redação dada pela Lei nº 12.490, de 2011) (Lei nº 9.478, de 6 de Agosto de 1997). Biodiesel: biocombustível derivado de biomassa renovável para uso em motores a combustão interna com ignição por compressão ou, conforme regulamento, para geração de outro tipo de energia, que possa substituir parcial ou totalmente combustíveis de origem fóssil (Incluído pela Lei nº 11.097, de 2005) (Lei nº 9.478, de 6 de Agosto de 1997). Bioquerosene de Aviação: substância derivada de biomassa renovável que pode ser usada em turbos reatores e turbos propulsores aeronáuticos ou, conforme regulamento, em outro tipo de aplicação que possa substituir parcial ou totalmente combustível de origem fóssil (Incluído pela Lei nº 12.490, de 2011) (Lei nº 9.478, de 6 de Agosto de 1997). Bloco: parte de uma bacia sedimentar, formada por um prisma vertical de profundidade indeterminada, com superfície poligonal definida pelas coordenadas geográficas de seus vértices, onde são desenvolvidas atividades de exploração ou produção de petróleo e gás natural (Lei nº 9.478, de 6 de Agosto de 1997). Bônus de assinatura: valor fixo devido à União pelo contratado, a ser pago no ato da celebração e nos termos do respectivo contrato de partilha de produção (Lei nº 12.351, de 22 de Dezembro de 2010). Cadeia produtiva do petróleo: sistema de produção de petróleo, gás natural e outros hidrocarbonetos fluidos e seus derivados, incluindo a distribuição, a revenda e a estocagem, bem como o seu consumo – incluído pela lei nº 12.114, de 2009 (Lei nº 9.478, de 6 de Agosto de 1997). Campo de Petróleo ou de Gás Natural: área produtora de petróleo ou gás natural, a partir de um reservatório contínuo ou de mais de um reservatório, a profundidades variáveis, abrangendo instalações e equipamentos destinados à produção (Lei nº 9.478, de 6 de Agosto de 1997). Campos de Grande Produção: para fins exclusivos desta Resolução, são as Jazidas de hidrocarbonetos cuja Produção ultrapasse 5.000 boe/d (cinco mil barris de óleo equivalente por dia), conforme estimativa constante na última versão do Plano de Desenvolvimento apresentada à ANP (Resolução ANP Nº 17, DE 18.3.2015 – DOU 20.3.2015 – Retificada DOU 23.4.2015). Campos de Pequena Produção: para fins exclusivos desta Resolução, são as Jazidas de hidrocarbonetos cuja Produção nunca ultrapassa 5.000 boe/d (cinco mil barris de óleo equivalente por dia), conforme estimativa constante na última versão do Plano de Desenvolvimento apresentada à ANP (Resolução ANP Nº 17, DE 18.3.2015 – DOU 20.3.2015 – Retificada DOU 23.4.2015). Capacidade Contratada de Transporte: volume diário de gás natural que o transportador é obrigado a movimentar para o carregador, nos termos do respectivo contrato de transporte (Lei nº 11.909, de 4 de Março de 2009). Capacidade de Transporte: volume máximo diário de gás natural que o transportador pode movimentar em um determinado gasoduto de transporte (Lei nº 11.909, de 4 de Março de 2009). Capacidade Disponível: parcela da capacidade de movimentação do gasoduto de transporte que não tenha sido objeto de contratação sob a modalidade firme (Lei nº 11.909, de 4 de Março de 2009). Capacidade Ociosa: parcela da capacidade de movimentação do gasoduto de transporte contratada que, temporariamente, não esteja sendo utilizada (Lei nº 11.909, de 4 de Março de 2009). Carregador Inicial: é aquele cuja contratação de capacidade de transporte tenha viabilizado ou contribuído para viabilizar a construção do gasoduto, no todo ou em parte (Lei nº 11.909, de 4 de Março de 2009). Carregador: agente que utilize ou pretenda utilizar o serviço de movimentação de gás natural em gasoduto de transporte, mediante autorização da Agência Nacional do Petróleo, Gás Natural e Biocombustíveis – ANP (Lei nº 11.909, de 4 de Março de 2009). Cessionária: a PETROBRAS, na condição de parte do Contrato de Cessão Onerosa celebrado com a União, por intermédio do Ministério de Minas e Energia e do Ministério da Fazenda (Resolução ANP Nº 25 de 8 de Julho de 2013). Chamada Pública: procedimento, com garantia de acesso a todos os interessados, que tem por finalidade a contratação de capacidade de transporte em dutos existentes, a serem construídos ou ampliados (Lei nº 11.909, de 4 de Março de 2009). Comercialização de Gás Natural: atividade de compra e venda de gás natural, realizada por meio da celebração de contratos negociados entre as partes e registrados na ANP, ressalvado o disposto no § 2o do art. 25 da Constituição Federal (Lei nº 11.909, de 4 de Março de 2009). Compromisso Contingente: é a atividade prevista no PAD cuja realização é incerta e dependente do resultado dos Compromissos Firmes que a antecedem e a ela são correlatos (Resolução ANP Nº 30, DE 19.5.2014 – DOU 20.5.2014 – Republicada DOU 15.7.2014). Compromisso de Individualização da Produção: instrumento celebrado após a Declaração de Comercialidade que formaliza a alocação da Produção de Jazida Compartilhada que se estende por Áreas sob Contrato distintas, cujos direitos de Exploração e Produção pertencem à mesma empresa ou a consórcio de idêntica composição e mesmos percentuais de participação (Resolução ANP Nº 25 de 8 de Julho de 2013). Compromisso Firme: é a atividade prevista no PAD cuja realização é certa e obrigatória para atingir os objetivos do Plano Comercialidade (Resolução ANP Nº 30, DE 19.5.2014 – DOU 20.5.2014 – Republicada DOU 15.7.2014).;glossario_presalpetroleo
Concessionário:;– empresa que firmou com a ANP um Contrato de Concessão para Exploração, Desenvolvimento e Produção de Petróleo e Gás Natural (Resolução ANP Nº 1, DE 14.1.2015 DOU 15.1.2015). – empresa ou consórcio que houver firmado Contrato de Concessão para Exploração e Produção de Petróleo e Gás Natural com a União, por intermédio da ANP (Resolução ANP Nº 25 de 8 de Julho de 2013). Consumidor livre: consumidor de gás natural que, nos termos da legislação estadual aplicável, tem a opção de adquirir o gás natural de qualquer agente produtor, importador ou comercializador (Lei nº 11.909, de 4 de Março de 2009). Consumo Próprio: volume de gás natural consumido exclusivamente nos processos de produção, coleta, transferência, estocagem e processamento do gás natural (Lei nº 11.909, de 4 de Março de 2009). Conteúdo local: proporção entre o valor dos bens produzidos e dos serviços prestados no País para execução do contrato e o valor total dos bens utilizados e dos serviços prestados para essa finalidade (Lei nº 12.351, de 22 de Dezembro de 2010). Contratado: – É o agente econômico que tenha celebrado Contrato de Cessão Onerosa ou o Contrato de Concessão ou o Contrato de Partilha da Produção ou o Contrato de Concessão de Blocos contendo Áreas Inativas com Acumulações Marginais para Avaliação, Reabilitação e Produção de Petróleo e Gás Natural com a União, conforme o caso (Resolução ANP Nº 17, DE 18.3.2015 – DOU 20.3.2015 – Retificada DOU 23.4.2015). – Empresa que firmou com a ANP um contrato de partilha ou de cessão onerosa paraexploração, desenvolvimento e produção de petróleo e gás natural (Resolução ANP Nº 1, DE 14.1.2015 DOU 15.1.2015). – A Petrobras ou, quando for o caso, o consórcio por ela constituído com o vencedor da licitação para a exploração e produção de petróleo, de gás natural e de outros hidrocarbonetos fluidos em regime de partilha de produção (Lei nº 12.351, de 22 de Dezembro de 2010). Contrato: é o Contrato de Cessão Onerosa ou o Contrato de Concessão ou o Contrato de Partilha da Produção ou o Contrato de Concessão de Blocos contendo Áreas Inativas com Acumulações Marginais para Avaliação, Reabilitação e Produção de Petróleo e Gás Natural, conforme o regime sob o qual foram outorgados os direitos de Exploração e Produção de Petróleo ou Gás Natural (Resolução ANP Nº 17, DE 18.3.2015 – DOU 20.3.2015 – Retificada DOU 23.4.2015). Custo em óleo: parcela da produção de petróleo, de gás natural e de outros hidrocarbonetos fluidos, exigível unicamente em caso de descoberta comercial, correspondente aos custos e aos investimentos realizados pelo contratado na execução das atividades de exploração, avaliação, desenvolvimento, produção e desativação das instalações, sujeita a limites, prazos e condições estabelecidos em contrato (Lei nº 12.351, de 22 de Dezembro de 2010). Cadeia produtiva do petróleo: sistema de produção de petróleo, gás natural e outros hidrocarbonetos fluidos e seus derivados, incluindo a distribuição, a revenda e a estocagem, bem como o seu consumo – incluído pela lei nº 12.114, de 2009 (Lei nº 9.478, de 6 de Agosto de 1997). Campo de Petróleo ou de Gás Natural: área produtora de petróleo ou gás natural, a partir de um reservatório contínuo ou de mais de um reservatório, a profundidades variáveis, abrangendo instalações e equipamentos destinados à produção (Lei nº 9.478, de 6 de Agosto de 1997). Campos de Grande Produção: para fins exclusivos desta Resolução, são as Jazidas de hidrocarbonetos cuja Produção ultrapasse 5.000 boe/d (cinco mil barris de óleo equivalente por dia), conforme estimativa constante na última versão do Plano de Desenvolvimento apresentada à ANP (Resolução ANP Nº 17, DE 18.3.2015 – DOU 20.3.2015 – Retificada DOU 23.4.2015). Campos de Pequena Produção: para fins exclusivos desta Resolução, são as Jazidas de hidrocarbonetos cuja Produção nunca ultrapassa 5.000 boe/d (cinco mil barris de óleo equivalente por dia), conforme estimativa constante na última versão do Plano de Desenvolvimento apresentada à ANP (Resolução ANP Nº 17, DE 18.3.2015 – DOU 20.3.2015 – Retificada DOU 23.4.2015). Capacidade Contratada de Transporte: volume diário de gás natural que o transportador é obrigado a movimentar para o carregador, nos termos do respectivo contrato de transporte (Lei nº 11.909, de 4 de Março de 2009). Capacidade de Transporte: volume máximo diário de gás natural que o transportador pode movimentar em um determinado gasoduto de transporte (Lei nº 11.909, de 4 de Março de 2009). Capacidade Disponível: parcela da capacidade de movimentação do gasoduto de transporte que não tenha sido objeto de contratação sob a modalidade firme (Lei nº 11.909, de 4 de Março de 2009). Capacidade Ociosa: parcela da capacidade de movimentação do gasoduto de transporte contratada que, temporariamente, não esteja sendo utilizada (Lei nº 11.909, de 4 de Março de 2009). Carregador Inicial: é aquele cuja contratação de capacidade de transporte tenha viabilizado ou contribuído para viabilizar a construção do gasoduto, no todo ou em parte (Lei nº 11.909, de 4 de Março de 2009). Carregador: agente que utilize ou pretenda utilizar o serviço de movimentação de gás natural em gasoduto de transporte, mediante autorização da Agência Nacional do Petróleo, Gás Natural e Biocombustíveis – ANP (Lei nº 11.909, de 4 de Março de 2009). Cessionária: a PETROBRAS, na condição de parte do Contrato de Cessão Onerosa celebrado com a União, por intermédio do Ministério de Minas e Energia e do Ministério da Fazenda (Resolução ANP Nº 25 de 8 de Julho de 2013). Chamada Pública: procedimento, com garantia de acesso a todos os interessados, que tem por finalidade a contratação de capacidade de transporte em dutos existentes, a serem construídos ou ampliados (Lei nº 11.909, de 4 de Março de 2009). Comercialização de Gás Natural: atividade de compra e venda de gás natural, realizada por meio da celebração de contratos negociados entre as partes e registrados na ANP, ressalvado o disposto no § 2o do art. 25 da Constituição Federal (Lei nº 11.909, de 4 de Março de 2009). Compromisso Contingente: é a atividade prevista no PAD cuja realização é incerta e dependente do resultado dos Compromissos Firmes que a antecedem e a ela são correlatos (Resolução ANP Nº 30, DE 19.5.2014 – DOU 20.5.2014 – Republicada DOU 15.7.2014). Compromisso de Individualização da Produção: instrumento celebrado após a Declaração de Comercialidade que formaliza a alocação da Produção de Jazida Compartilhada que se estende por Áreas sob Contrato distintas, cujos direitos de Exploração e Produção pertencem à mesma empresa ou a consórcio de idêntica composição e mesmos percentuais de participação (Resolução ANP Nº 25 de 8 de Julho de 2013). Compromisso Firme: é a atividade prevista no PAD cuja realização é certa e obrigatória para atingir os objetivos do Plano Comercialidade (Resolução ANP Nº 30, DE 19.5.2014 – DOU 20.5.2014 – Republicada DOU 15.7.2014).;glossario_presalpetroleo
Concessionário:;– empresa que firmou com a ANP um Contrato de Concessão para Exploração, Desenvolvimento e Produção de Petróleo e Gás Natural (Resolução ANP Nº 1, DE 14.1.2015 DOU 15.1.2015). – empresa ou consórcio que houver firmado Contrato de Concessão para Exploração e Produção de Petróleo e Gás Natural com a União, por intermédio da ANP (Resolução ANP Nº 25 de 8 de Julho de 2013). Consumidor livre: consumidor de gás natural que, nos termos da legislação estadual aplicável, tem a opção de adquirir o gás natural de qualquer agente produtor, importador ou comercializador (Lei nº 11.909, de 4 de Março de 2009). Consumo Próprio: volume de gás natural consumido exclusivamente nos processos de produção, coleta, transferência, estocagem e processamento do gás natural (Lei nº 11.909, de 4 de Março de 2009). Conteúdo local: proporção entre o valor dos bens produzidos e dos serviços prestados no País para execução do contrato e o valor total dos bens utilizados e dos serviços prestados para essa finalidade (Lei nº 12.351, de 22 de Dezembro de 2010). Contratado: – É o agente econômico que tenha celebrado Contrato de Cessão Onerosa ou o Contrato de Concessão ou o Contrato de Partilha da Produção ou o Contrato de Concessão de Blocos contendo Áreas Inativas com Acumulações Marginais para Avaliação, Reabilitação e Produção de Petróleo e Gás Natural com a União, conforme o caso (Resolução ANP Nº 17, DE 18.3.2015 – DOU 20.3.2015 – Retificada DOU 23.4.2015). – Empresa que firmou com a ANP um contrato de partilha ou de cessão onerosa paraexploração, desenvolvimento e produção de petróleo e gás natural (Resolução ANP Nº 1, DE 14.1.2015 DOU 15.1.2015). – A Petrobras ou, quando for o caso, o consórcio por ela constituído com o vencedor da licitação para a exploração e produção de petróleo, de gás natural e de outros hidrocarbonetos fluidos em regime de partilha de produção (Lei nº 12.351, de 22 de Dezembro de 2010). Contrato: é o Contrato de Cessão Onerosa ou o Contrato de Concessão ou o Contrato de Partilha da Produção ou o Contrato de Concessão de Blocos contendo Áreas Inativas com Acumulações Marginais para Avaliação, Reabilitação e Produção de Petróleo e Gás Natural, conforme o regime sob o qual foram outorgados os direitos de Exploração e Produção de Petróleo ou Gás Natural (Resolução ANP Nº 17, DE 18.3.2015 – DOU 20.3.2015 – Retificada DOU 23.4.2015). Custo em óleo: parcela da produção de petróleo, de gás natural e de outros hidrocarbonetos fluidos, exigível unicamente em caso de descoberta comercial, correspondente aos custos e aos investimentos realizados pelo contratado na execução das atividades de exploração, avaliação, desenvolvimento, produção e desativação das instalações, sujeita a limites, prazos e condições estabelecidos em contrato (Lei nº 12.351, de 22 de Dezembro de 2010). Dados: Quaisquer registros qualitativos ou quantitativos, obtidos por meio de observação ou medição de propriedades, de amostras, poços, áreas ou seções em superfície ou subsuperfície das bacias sedimentares ou de seu embasamento (Resolução ANP Nº 1, DE 14.1.2015 DOU 15.1.2015). Dados Confidenciais: Dados e/ou Informações com determinado grau de sigilo cujo acesso está limitado aos seus legítimos adquirentes, não estando sua divulgação disponível para indivíduos, entidades ou processos sem a devida autorização (Resolução ANP Nº 1, DE 14.1.2015 DOU 15.1.2015). Dados de Fomento: Dados oriundos de aquisição ou reprocessamento de dados realizados pela ANP, por meio de empresa ou instituição contratada ou conveniada para esse fim, e também aqueles oriundos de aquisição realizada exclusivamente com vistas à formação de recursos humanos ou geração e difusão do conhecimento, por instituição acadêmica ou de pesquisa (Resolução ANP Nº 1, DE 14.1.2015 DOU 15.1.2015). Dados Exclusivos: dados oriundos de aquisição realizada por concessionário ou contratado nos limites de sua área de concessão, cessão onerosa ou contratos de partilha, seja por meio de EAD por ele contratada ou por meios próprios (Resolução ANP Nº 1, DE 14.1.2015 DOU 15.1.2015). Dados Geofísicos Não-Sísmicos: Dados obtidos com a utilização de métodos geofísicos distintos da refração e reflexão das ondas sísmicas, tais como, mas não limitado a estes: métodos gravimétricos, magnetométricos, eletromagnéticos (Resolução ANP Nº 1, DE 14.1.2015 DOU 15.1.2015). Dados Geofísicos Sísmicos: Dados obtidos com a utilização de métodos geofísicos de reflexão e/ou refração de ondas sísmicas (Resolução ANP Nº 1, DE 14.1.2015 DOU 15.1.2015). Dados Geoquímicos: Dados obtidos com a utilização de métodos geoquímicos de levantamentosterrestres, de fundo oceânico ou análises de amostras de poços (Resolução ANP Nº 1, DE 14.1.2015 DOU 15.1.2015). Dados Interpretados: Dados gerados a partir de atividades de interpretação de dados, que tenhamutilizado componentes do acervo da União sobre as bacias sedimentares brasileiras, parte integrante dos recursos petrolíferos nacionais constantes do artigo 22 da Lei nº 9.478/1997, para geração de seu resultado final (Resolução ANP Nº 1, DE 14.1.2015 DOU 15.1.2015). Dados Interpretados Comerciais: Dados Interpretados, na forma definida no inciso XV, art. 2º destaResolução, com fins comerciais, multicliente, obtidos mediante autorização da ANP (Resolução ANP Nº 1, DE 14.1.2015 DOU 15.1.2015). Dados Interpretados Restritos: Dados resultantes da junção dos Dados Interpretados, na formadefinida no inciso XV, art. 2º desta Resolução, com variáveis econômicas, financeiras, tecnológicas, de logística ou outras informações de exclusivo interesse dos agentes da indústria do petróleo nacional, cuja utilização por terceiros pode afetar interesses estratégicos dos envolvidos (Resolução ANP Nº 1, DE 14.1.2015 DOU 15.1.2015). Dados Não Exclusivos: dados oriundos de aquisição realizada por EAD em área que seja ou nãoobjeto de contrato de concessão, cessão onerosa ou contratos de partilha, mediante autorização da ANP, nos termos desta Resolução (Resolução ANP Nº 1, DE 14.1.2015 DOU 15.1.2015). Dados Públicos: Dados que não se encontram em período de confidencialidade (Resolução ANP Nº 1, DE 14.1.2015 DOU 15.1.2015). Derivados Básicos: principais derivados de petróleo, referidos no art. 177 da Constituição Federal, a serem classificados pela Agência Nacional do Petróleo (Lei nº 9.478, de 6 de Agosto de 1997). Derivados de Petróleo: produtos decorrentes da transformação do petróleo (Lei nº 9.478, de 6 de Agosto de 1997). Descoberta Comercial: descoberta de petróleo ou gás natural em condições que, a preços de mercado, tornem possível o retorno dos investimentos no desenvolvimento e na produção (Lei nº 9.478, de 6 de Agosto de 1997). Desenvolvimento: conjunto de operações e investimentos destinados a viabilizar as atividades de produção de um campo de petróleo ou gás (Lei nº 9.478, de 6 de Agosto de 1997). Desenvolvimento Complementar: é o Desenvolvimento cuja concepção é posterior ao Desenvolvimento original do Campo e cuja realização se dá a qualquer tempo, durante a Fase de Produção (Resolução ANP Nº 17, DE 18.3.2015 – DOU 20.3.2015 – Retificada DOU 23.4.2015). Desenvolvimento Modular: é o Desenvolvimento concebido em módulos individualizados, geralmente considerando Unidades de Produção distintas (Resolução ANP Nº 17, DE 18.3.2015 – DOU 20.3.2015 – Retificada DOU 23.4.2015). Distribuição de Gás Canalizado: serviços locais de comercialização de gás canalizado, junto aos usuários finais, explorados com exclusividade pelos Estados, diretamente ou mediante concessão, nos termos do § 2º do art. 25 da Constituição Federal (Lei nº 9.478, de 6 de Agosto de 1997). Distribuição: atividade de comercialização por atacado com a rede varejista ou com grandes consumidores de combustíveis, lubrificantes, asfaltos e gás liquefeito envasado, exercida por empresas especializadas, na forma das leis e regulamentos aplicáveis (Lei nº 9.478, de 6 de Agosto de 1997). Dutos de Escoamento da Produção: são dutos destinados à movimentação de Petróleo e Gás Natural desde Unidades de Produção até instalações de processamento e tratamento ou unidades de liquefação, podendo ter trechos Integrantes ou não Integrantes de Área sob Contrato (Resolução ANP Nº 17, DE 18.3.2015 – DOU 20.3.2015 – Retificada DOU 23.4.2015). Dutos de Transferência da Produção: são dutos destinados à movimentação de Petróleo e Gás Natural, considerado de interesse específico e exclusivo de seu proprietário, iniciando e terminando em suas próprias Instalações de Produção (Resolução ANP Nº 17, DE 18.3.2015 – DOU 20.3.2015 – Retificada DOU 23.4.2015). Empresa de Aquisição de Dados EAD: Empresa especializada em aquisição, processamento, interpretação e venda de dados, que se refiram exclusivamente à atividade de exploração e produção de petróleo e gás natural (Resolução ANP Nº 1, DE 14.1.2015 DOU 15.1.2015). Estocagem de Gás Natural: armazenamento de gás natural em reservatórios naturais ou artificiais (Lei nº 11.909, de 4 de Março de 2009). Estocagem de Gás Natural: armazenamento de gás natural em reservatórios próprios, formações naturais ou artificiais (Lei nº 9.478, de 6 de Agosto de 1997). Estocagem Subterrânea de Gás Natural (ESGN): para fins exclusivos desta Resolução, é o armazenamento de Gás Natural em Reservatórios depletados dentro da Área do Campo. A injeção de Gás Natural para fins exclusivos de recuperação de hidrocarbonetos não se caracteriza como ESGN (Resolução ANP Nº 17, DE 18.3.2015 – DOU 20.3.2015 – Retificada DOU 23.4.2015). Etanol: biocombustível líquido derivado de biomassa renovável, que tem como principal componente o álcool etílico, que pode ser utilizado, diretamente ou mediante alterações, em motores a combustão interna com ignição por centelha, em outras formas de geração de energia ou em indústria petroquímica, podendo ser obtido por rotas tecnológicas distintas, conforme especificado em regulamento (Incluído pela Lei nº 12.490, de 2011) (Lei nº 9.478, de 6 de Agosto de 1997). Excedente em óleo: parcela da produção de petróleo, de gás natural e de outros hidrocarbonetos fluidos a ser repartida entre a União e o contratado, segundo critérios definidos em contrato, resultante da diferença entre o volume total da produção e as parcelas relativas ao custo em óleo, aos royalties devidos e, quando exigível, à participação de que trata o art. 43 (Lei nº 12.351, de 22 de Dezembro de 2010). Gás Associado: Gás Natural produzido de Jazida onde ele se encontra dissolvido no Petróleo ou em contato com o Petróleo saturado de gás. Gás Não Associado – Gás Natural que é produzido de Jazida de gás seco ou de Jazida de gás e condensado (Resolução ANP Nº 17, DE 18.3.2015 – DOU 20.3.2015 – Retificada DOU 23.4.2015). Gás Natural Comprimido – GNC: todo gás natural processado e acondicionado para o transporte em ampolas ou cilindros à temperatura ambiente e a uma pressão que o mantenha em estado gasoso (Lei nº 11.909, de 4 de Março de 2009). Gás Natural Liquefeito – GNL: gás natural submetido a processo de liquefação para estocagem e transporte, passível de regaseificação em unidades próprias (Lei nº 11.909, de 4 de Março de 2009).;glossario_presalpetroleo
Gás Natural ou Gás:;– Todo hidrocarboneto que permaneça em estado gasoso nas condições atmosféricas normais, extraído diretamente a partir de reservatórios petrolíferos ou gaseíferos, cuja composição poderá conter gases úmidos, secos e residuais (Lei nº 11.909, de 4 de Março de 2009). – Todo hidrocarboneto que permaneça em estado gasoso nas condições atmosféricas normais, extraído diretamente a partir de reservatórios petrolíferos ou gaseíferos, incluindo gases úmidos, secos, residuais e gases raros (Lei nº 9.478, de 6 de Agosto de 1997). Gasoduto de Escoamento da Produção: dutos integrantes das instalações de produção, destinados à movimentação de gás natural desde os poços produtores até instalações de processamento e tratamento ou unidades de liquefação (Lei nº 11.909, de 4 de Março de 2009). Gasoduto de Transferência: duto destinado à movimentação de gás natural, considerado de interesse específico e exclusivo de seu proprietário, iniciando e terminando em suas próprias instalações de produção, coleta, transferência, estocagem e processamento de gás natural (Lei nº 11.909, de 4 de Março de 2009). Gasoduto de Transporte: gasoduto que realize movimentação de gás natural desde instalações de processamento, estocagem ou outros gasodutos de transporte até instalações de estocagem, outros gasodutos de transporte e pontos de entrega a concessionários estaduais de distribuição de gás natural, ressalvados os casos previstos nos incisos XVII e XIX do caput deste artigo, incluindo estações de compressão, de medição, de redução de pressão e de entrega, respeitando-se o disposto no § 2o do art. 25 da Constituição Federal (Lei nº 11.909, de 4 de Março de 2009). Individualização da produção: procedimento que visa à divisão do resultado da produção e ao aproveitamento racional dos recursos naturais da União, por meio da unificação do desenvolvimento e da produção relativos à jazida que se estenda além do bloco concedido ou contratado sob o regime de partilha de produção (Lei nº 12.351, de 22 de Dezembro de 2010). Indústria de Biocombustível: conjunto de atividades econômicas relacionadas com produção, importação, exportação, transferência, transporte, armazenagem, comercialização, distribuição, avaliação de conformidade e certificação de qualidade de biocombustíveis (Incluído pela Lei nº 12490, de 2011) (Lei nº 9.478, de 6 de Agosto de 1997). Indústria do Gás Natural: conjunto de atividades econômicas relacionadas com exploração, desenvolvimento, produção, importação, exportação, processamento, tratamento, transporte, carregamento, estocagem, acondicionamento, liquefação, regaseificação, distribuição e comercialização de gás natural (Lei nº 11.909, de 4 de Março de 2009). Indústria do Petróleo: conjunto de atividades econômicas relacionadas com a exploração, desenvolvimento, produção, refino, processamento, transporte, importação e exportação de petróleo, gás natural e outros hidrocarbonetos fluidos e seus derivados (Lei nº 9.478, de 6 de Agosto de 1997). Indústria Petroquímica de Primeira e Segunda Geração: conjunto de indústrias que fornecem produtos petroquímicos básicos, a exemplo do eteno, do propeno e de resinas termoplásticas (Incluído pela lei nº 11.921, de 2009) (Lei nº 9.478, de 6 de Agosto de 1997). Informações: Resultados do entendimento da interrelação entre os dados ou destes com outrasinformações. A transformação de dados em informações pode ser feita com ou sem o auxílio de técnicas e ferramentas específicas (Resolução ANP Nº 1, DE 14.1.2015 DOU 15.1.2015). Instalações de Produção: conjunto de instalações destinadas a promover a coleta, Produção, separação, tratamento, estocagem e escoamento dos fluidos produzidos e movimentados num Campo de Petróleo e Gás Natural (Resolução ANP Nº 17, DE 18.3.2015 – DOU 20.3.2015 – Retificada DOU 23.4.2015). Interpretação de dados: Atividade destinada a estudo, análise e avaliação do conteúdo técnico e científico de dados adquiridos, utilizando componentes do acervo da União sobre as bacias sedimentares brasileiras, parte integrante dos recursos petrolíferos nacionais (Resolução ANP Nº 1, DE 14.1.2015 DOU 15.1.2015). Integrantes de Área sob Contrato: são todas as Instalações de Produção localizadas interna ou externamente à Área sob Contrato desde que façam parte do projeto de desenvolvimento do Campo de Petróleo ou de Gás Natural, isto é, estejam contempladas no Plano de Desenvolvimento (Resolução ANP Nº 17, DE 18.3.2015 – DOU 20.3.2015 – Retificada DOU 23.4.2015). Jazida: reservatório ou depósito já identificado e possível de ser posto em produção (Lei nº 9.478, de 6 de Agosto de 1997). Jazida Compartilhada: Reservatório ou Jazida que se estende além de uma determinada Área sob Contrato (Resolução ANP Nº 25 de 8 de Julho de 2013). Laudo Técnico: parecer que, na ausência de Acordo de Individualização da Produção voluntariamente firmado entre as Partes, servirá de base para determinar a forma como serão apropriados os direitos e obrigações sobre a Jazida Compartilhada (Resolução ANP Nº 25 de 8 de Julho de 2013). Lavra ou Produção: conjunto de operações coordenadas de extração de petróleo ou gás natural de uma jazida e de preparo para sua movimentação (Lei nº 9.478, de 6 de Agosto de 1997). Não Integrantes de Área sob Contrato: são todas as Instalações de Produção localizadas externamente ou que se iniciam fora dos limites de Área Sob Contrato e que não fazem parte do projeto de desenvolvimento de Campo de Petróleo ou de Gás Natural, isto é, não estão contempladas no Plano de Desenvolvimento de uma Área sob Contrato em particular (Resolução ANP Nº 17, DE 18.3.2015 – DOU 20.3.2015 – Retificada DOU 23.4.2015). Nome do Poço: é a denominação do poço segundo a nomenclatura estabelecida pela ANP seguida da denominação usada pelo Operador entre parênteses (Resolução ANP Nº 17, DE 18.3.2015 – DOU 20.3.2015 – Retificada DOU 23.4.2015). Obrigação Divisível: prestação que tem por objeto uma coisa ou fato suscetíveis de divisão (Resolução ANP Nº 25 de 8 de Julho de 2013). Obrigação Indivisível: prestação que tem por objeto uma coisa ou fato não suscetíveis de divisão por natureza, por motivo de ordem econômica, ou dada a razão determinante do negócio jurídico (Resolução ANP Nº 25 de 8 de Julho de 2013). Operador: a Petróleo Brasileiro S.A. (Petrobras), responsável pela condução e execução, direta ou indireta, de todas as atividades de exploração, avaliação, desenvolvimento, produção e desativação das instalações de exploração e produção (Lei nº 12.351, de 22 de Dezembro de 2010). Operador da Área Individualizada: empresa responsável pela condução, direta e indireta, das atividades de Exploração, Avaliação, Desenvolvimento, Produção e de desativação das instalações (Resolução ANP Nº 25 de 8 de Julho de 2013). Parte: o Concessionário, a Cessionária, o Contratado sob o regime de Partilha de Produção ou a União, conforme for o caso, enquanto participantes do Procedimento de Individualização da Produção (Resolução ANP Nº 25 de 8 de Julho de 2013). Participação: proporção que cabe aos detentores de direitos de Exploração e Produção sobre as Áreas sob Contrato e não Contratadas na Jazida Compartilhada, definida preferencialmente a partir do percentual do Volume Original de Óleo Equivalente da Jazida Compartilhada sob cada área (Resolução ANP Nº 25 de 8 de Julho de 2013). Partilha de Produção: regime de exploração e produção de petróleo, de gás natural e de outros hidrocarbonetos fluidos no qual o contratado exerce, por sua conta e risco, as atividades de exploração, avaliação, desenvolvimento e produção e, em caso de descoberta comercial, adquire o direito à apropriação do custo em óleo, do volume da produção correspondente aos royalties devidos, bem como de parcela do excedente em óleo, na proporção, condições e prazos estabelecidos em contrato (Lei nº 12.351, de 22 de Dezembro de 2010). Pesquisa ou Exploração: conjunto de operações ou atividades destinadas a avaliar áreas, objetivando a descoberta e a identificação de jazidas de petróleo ou gás natural (Lei nº 9.478, de 6 de Agosto de 1997). Período de Confidencialidade: Período de tempo regulamentado pela ANP no qual os dados einformações, definidos como confidenciais, só poderão ser acessados por seus legítimos adquirentes e por aqueles devidamente autorizados a ter acesso (Resolução ANP Nº 1, DE 14.1.2015 DOU 15.1.2015). Petróleo: todo e qualquer hidrocarboneto líquido em seu estado natural, a exemplo do óleo cru e condensado (Lei nº 9.478, de 6 de Agosto de 1997). Ponto de Entrega: ponto nos gasodutos de transporte no qual o gás natural é entregue pelo transportador ao carregador ou a quem este venha a indicar (Lei nº 11.909, de 4 de Março de 2009). Ponto de medição: local definido no plano de desenvolvimento de cada campo onde é realizada a medição volumétrica do petróleo ou do gás natural produzido, conforme regulação da Agência Nacional do Petróleo, Gás Natural e Biocombustíveis – ANP (Lei nº 12.351, de 22 de Dezembro de 2010). Ponto de partilha: local em que há divisão entre a União e o contratado de petróleo, de gás natural e de outros hidrocarbonetos fluidos produzidos, nos termos do respectivo contrato de partilha de produção (Lei nº 12.351, de 22 de Dezembro de 2010). Ponto de Recebimento: ponto nos gasodutos de transporte no qual o gás natural é entregue ao transportador pelo carregador ou por quem este venha a indicar (Lei nº 11.909, de 4 de Março de 2009). Pontos de Decisão: datas até as quais os detentores de direitos de Exploração e Produção devem comunicar à ANP a decisão de realizar ou não um ou mais Compromissos Contingentes Comercialidade (Resolução ANP Nº 30, DE 19.5.2014 – DOU 20.5.2014 – Republicada DOU 15.7.2014). Pré-acordo de Individualização da Produção: entendimento formalizado entre as possíveis Partes que pode incluir o planejamento conjunto das atividades de Avaliação da Jazida Compartilhada, bem como a definição de princípios que deverão embasar a celebração do Acordo de Individualização da Produção e o desenvolvimento da Jazida Compartilhada (Resolução ANP Nº 25 de 8 de Julho de 2013). Procedimento de Individualização da Produção: regramento a ser observado para a elaboração do Acordo de Individualização da Produção e do Compromisso de Individualização da Produção (Resolução ANP Nº 25 de 8 de Julho de 2013). Processamento: Tratamento aplicado aos dados de forma a minimizar e/ou corrigir as distorções eos eventos indesejáveis provocados pelo processo de aquisição dos dados e posterior aplicação de técnicas e procedimentos visando à obtenção de informações de superfície e subsuperfície (Resolução ANP Nº 1, DE 14.1.2015 DOU 15.1.2015). Processamento Primário: conjunto de processos de separação e tratamento a que são submetidos o Petróleo e o Gás Natural provenientes dos Reservatórios produtores de um ou mais Campos e processados nas Unidades de Produção Marítimas ou Terrestres (Resolução ANP Nº 17, DE 18.3.2015 – DOU 20.3.2015 – Retificada DOU 23.4.2015). Produção de Biocombustível: conjunto de operações industriais para a transformação de biomassa renovável, de origem vegetal ou animal, em combustível (Incluído pela Lei nº 12.490, de 2011) (Lei nº 9.478, de 6 de Agosto de 1997). Projeto Piloto de Produção: projeto de Desenvolvimento parcial do Campo, de concepção reduzida, constituindo-se num módulo temporário para obtenção de dados e informações técnicas. Prospecto: feição geológica mapeada como resultado de estudos geofísicos e de interpretação geológica, que justificam a perfuração de poços exploratórios para a localização de petróleo ou gás natural (Lei nº 9.478, de 6 de Agosto de 1997). Redeterminação: alteração da Participação estabelecida no Acordo de Individualização da Produção ou no Compromisso de Individualização da Produção (Resolução ANP Nº 25 de 8 de Julho de 2013). Refino ou Refinação: conjunto de processos destinados a transformar o petróleo em derivados de petróleo (Lei nº 9.478, de 6 de Agosto de 1997). Relatório Final de Avaliação de Descobertas de Petróleo ou Gás Natural – RFAD: é o documento preparado pelo detentor de direitos de Exploração e Produção que descreve as Operações de Avaliação da Descoberta de Petróleo ou Gás Natural, nos termos do PAD aprovado pela ANP, apresenta seus resultados e, caso aprovado pela ANP, confere efetividade à Declaração de Comercialidade (Resolução ANP Nº 30, DE 19.5.2014 – DOU 20.5.2014 – Republicada DOU 15.7.2014). Reprocessamento: Novo tratamento dos dados adquiridos, realizado por meio de procedimentosnovos ou diferenciados com relação aos procedimentos previamente utilizados no processamento desses dados (Resolução ANP Nº 1, DE 14.1.2015 DOU 15.1.2015). Reservatório ou Depósito: configuração geológica dotada de propriedades específicas, armazenadora de petróleo ou gás, associados ou não (Lei nº 9.478, de 6 de Agosto de 1997). Revenda: atividade de venda a varejo de combustíveis, lubrificantes e gás liquefeito envasado, exercida por postos de serviços ou revendedores, na forma das leis e regulamentos aplicáveis (Lei nº 9.478, de 6 de Agosto de 1997). Royalties: compensação financeira devida aos Estados, ao Distrito Federal e aos Municípios, bem como a órgãos da administração direta da União, em função da produção de petróleo, de gás natural e de outros hidrocarbonetos fluidos sob o regime de partilha de produção, nos termos do (Lei nº 12.351, de 22 de Dezembro de 2010). Serviço de Transporte Extraordinário: modalidade de contratação de capacidade disponível, a qualquer tempo, e que contenha condição resolutiva, na hipótese de contratação da capacidade na modalidade firme (Lei nº 11.909, de 4 de Março de 2009). Serviço de Transporte Firme: serviço de transporte no qual o transportador se obriga a programar e transportar o volume diário de gás natural solicitado pelo carregador até a capacidade contratada de transporte estabelecida no contrato com o carregador (Lei nº 11.909, de 4 de Março de 2009). Serviço de Transporte Interruptível: serviço de transporte que poderá ser interrompido pelo transportador, dada a prioridade de programação do Serviço de Transporte Firme (Lei nº 11.909, de 4 de Março de 2009). Sistema de Coleta da Produção – conjunto de instalações e equipamentos destinados a transferir os fluidos produzidos dos poços às Unidades de Produção, bem como transferir os fluidos para injeção no Campo (Resolução ANP Nº 17, DE 18.3.2015 – DOU 20.3.2015 – Retificada DOU 23.4.2015). Sistema de Escoamento da Produção: conjunto de instalações e equipamentos destinados a movimentar o Petróleo e o Gás Natural das Unidades de Produção para instalações não pertencentes à Área sob Contrato ou para outras Unidades de Produção na mesma Área sob Contrato (Resolução ANP Nº 17, DE 18.3.2015 – DOU 20.3.2015 – Retificada DOU 23.4.2015). Terminal de GNL: instalação utilizada para a liquefação de gás natural ou para a importação, descarga e regaseificação de GNL, incluindo os serviços auxiliares e tanques de estocagem temporária necessários para o processo de regaseificação e subsequente entrega do gás natural à malha duto viária ou a outros modais de transporte (Lei nº 11.909, de 4 de Março de 2009). Transferência: movimentação de petróleo, seus derivados, biocombustíveis ou gás natural em meio ou percurso considerado de interesse específico e exclusivo do proprietário ou explorador das facilidades (Redação dada pela Lei nº 12.490, de 2011) (Lei nº 9.478, de 6 de Agosto de 1997). Transportador: empresa autorizada ou concessionária da atividade de transporte de gás natural por meio de duto (Lei nº 11.909, de 4 de Março de 2009). Transporte de Gás Natural: movimentação de gás natural em gasodutos de transporte, abrangendo a construção, a expansão e a operação das instalações (Lei nº 11.909, de 4 de Março de 2009). Transporte: movimentação de petróleo, seus derivados, biocombustíveis ou gás natural em meio ou percurso considerado de interesse geral (Redação dada pela Lei nº 12.490, de 2011) (Lei nº 9.478, de 6 de Agosto de 1997). Tratamento ou Processamento de Gás Natural: conjunto de operações destinadas a permitir o seu transporte, distribuição e utilização (Lei nº 11.909, de 4 de Março de 2009). Tratamento ou Processamento de Gás Natural: conjunto de operações destinadas a permitir o seu transporte, distribuição e utilização (Lei nº 9.478, de 6 de Agosto de 1997) Unidade de Liquefação: instalação na qual o gás natural é liquefeito, de modo a facilitar a sua estocagem e transporte, podendo compreender unidades de tratamento de gás natural, trocadores de calor e tanques para estocagem de GNL (Lei nº 11.909, de 4 de Março de 2009). Unidade de Produção: conjunto de instalações destinadas a promover a Produção, separação, tratamento e estocagem dos fluidos produzidos e movimentados num Campo de Petróleo e Gás Natural (Resolução ANP Nº 17, DE 18.3.2015 – DOU 20.3.2015 – Retificada DOU 23.4.2015). Unidade de Produção Marítima: Unidade de Produção instalada no mar (Resolução ANP Nº 17, DE 18.3.2015 – DOU 20.3.2015 – Retificada DOU 23.4.2015). Unidade de Produção Terrestre: Unidade de Produção localizada em terra (Resolução ANP Nº 17, DE 18.3.2015 – DOU 20.3.2015 – Retificada DOU 23.4.2015). Unidade de Regaseificação: instalação na qual o gás natural liquefeito é regaseificado mediante a imposição de calor para ser introduzido na malha duto viária, podendo compreender tanques de estocagem de GNL e regaseificadores, além de equipamentos complementares (Lei nº 11.909, de 4 de Março de 2009). Upside: feição geológica não testada por poços para a qual se estima, com base nos dados coletados na área e nas proximidades, a ocorrência de pequenos volumes de hidrocarbonetos, cuja eventual produção econômica dependerá da utilização das facilidades de Produção dos Campos adjacentes (Resolução ANP Nº 17, DE 18.3.2015 – DOU 20.3.2015 – Retificada DOU 23.4.2015). Volume de Gás Útil: volume de Gás Natural injetado em Reservatório usado para ESGN suficiente para elevar a pressão da pressão mínima até a pressão máxima admissível (Resolução ANP Nº 17, DE 18.3.2015 – DOU 20.3.2015 – Retificada DOU 23.4.2015). Volume Original de Óleo Equivalente (VOE): quantidade de Barris de Óleo Equivalente correspondente aos Volumes Originais in situ de Petróleo e Gás Natural da Jazida Compartilhada (Resolução ANP Nº 25 de 8 de Julho de 2013). Zona: camada ou conjunto de camadas correlacionáveis, dentro de uma mesma unidade estratigráfica (Resolução ANP Nº 17, DE 18.3.2015 – DOU 20.3.2015 – Retificada DOU 23.4.2015).;glossario_presalpetroleo
